COUNTRY,Country,Economic sector,Year,Value
AUS,Australia,Fishing Sector,2005,7441
AUS,Australia,Fishing Sector,2006,8235
AUS,Australia,Fishing Sector,2007,6151
AUS,Australia,Fishing Sector,2008,9239
AUS,Australia,Fishing Sector,2009,4469
AUS,Australia,Fishing Sector,2010,7801
AUS,Australia,Fishing Sector,2011,7403
AUS,Australia,Fishing Sector,2012,7057
AUS,Australia,Fishing Sector,2013,6008
AUS,Australia,Fishing Sector,2014,3561
AUS,Australia,Fishing Sector,2015,7183
AUS,Australia,Fishing Sector,2016,5602
AUS,Australia,Fishing Sector,2017,7593
AUS,Australia,Unspecified Fishing,2005,7441
AUS,Australia,Unspecified Fishing,2006,8235
AUS,Australia,Unspecified Fishing,2007,6151
AUS,Australia,Unspecified Fishing,2008,9239
AUS,Australia,Unspecified Fishing,2009,4469
AUS,Australia,Unspecified Fishing,2010,7801
AUS,Australia,Unspecified Fishing,2011,7403
AUS,Australia,Unspecified Fishing,2012,7057
AUS,Australia,Unspecified Fishing,2013,6008
AUS,Australia,Unspecified Fishing,2014,3561
AUS,Australia,Unspecified Fishing,2015,7183
AUS,Australia,Unspecified Fishing,2016,5602
AUS,Australia,Unspecified Fishing,2017,7593
AUS,Australia,Aquaculture,2005,5811
AUS,Australia,Aquaculture,2006,3800
AUS,Australia,Aquaculture,2007,3264
AUS,Australia,Aquaculture,2008,4132
AUS,Australia,Aquaculture,2009,4656
AUS,Australia,Aquaculture,2010,3751
AUS,Australia,Aquaculture,2011,4456
AUS,Australia,Aquaculture,2012,3736
AUS,Australia,Aquaculture,2013,3298
AUS,Australia,Aquaculture,2014,5102
AUS,Australia,Aquaculture,2015,7035
AUS,Australia,Aquaculture,2016,5364
AUS,Australia,Aquaculture,2017,8361
CAN,Canada,Fishing Sector,2005,47158
CAN,Canada,Fishing Sector,2006,51677
CAN,Canada,Fishing Sector,2007,53846
CAN,Canada,Fishing Sector,2008,52317
CAN,Canada,Fishing Sector,2009,51014
CAN,Canada,Fishing Sector,2010,49526
CAN,Canada,Fishing Sector,2011,49609
CAN,Canada,Fishing Sector,2012,43250
CAN,Canada,Fishing Sector,2013,45114
CAN,Canada,Fishing Sector,2014,43562
CAN,Canada,Fishing Sector,2015,42507
CAN,Canada,Fishing Sector,2016,44342
CAN,Canada,Unspecified Fishing,2005,47158
CAN,Canada,Unspecified Fishing,2006,51677
CAN,Canada,Unspecified Fishing,2007,53846
CAN,Canada,Unspecified Fishing,2008,52317
CAN,Canada,Unspecified Fishing,2009,51014
CAN,Canada,Unspecified Fishing,2010,49526
CAN,Canada,Unspecified Fishing,2011,49609
CAN,Canada,Unspecified Fishing,2012,43250
CAN,Canada,Unspecified Fishing,2013,45114
CAN,Canada,Unspecified Fishing,2014,43562
CAN,Canada,Unspecified Fishing,2015,42507
CAN,Canada,Unspecified Fishing,2016,44342
CAN,Canada,Aquaculture,2005,3920
CAN,Canada,Aquaculture,2006,4105
CAN,Canada,Aquaculture,2007,3550
CAN,Canada,Aquaculture,2008,3435
CAN,Canada,Aquaculture,2009,3584
CAN,Canada,Aquaculture,2010,3375
CAN,Canada,Aquaculture,2011,3292
CAN,Canada,Aquaculture,2012,3235
CAN,Canada,Aquaculture,2013,3175
CAN,Canada,Aquaculture,2014,3205
CAN,Canada,Aquaculture,2015,3316
CAN,Canada,Aquaculture,2016,3340
CAN,Canada,Processing,2005,29342
CAN,Canada,Processing,2006,29436
CAN,Canada,Processing,2007,30225
CAN,Canada,Processing,2008,27647
CAN,Canada,Processing,2009,27305
CAN,Canada,Processing,2010,29599
CAN,Canada,Processing,2011,31903
CAN,Canada,Processing,2012,33034
CAN,Canada,Processing,2013,33147
CAN,Canada,Processing,2014,31899
CAN,Canada,Processing,2015,27858
CAN,Canada,Processing,2016,28718
DNK,Denmark,Fishing Sector,2005,3241
DNK,Denmark,Fishing Sector,2006,2897
DNK,Denmark,Fishing Sector,2007,2573
DNK,Denmark,Fishing Sector,2008,2221
DNK,Denmark,Fishing Sector,2009,2060
DNK,Denmark,Fishing Sector,2010,2072
DNK,Denmark,Fishing Sector,2011,2017
DNK,Denmark,Fishing Sector,2012,1942
DNK,Denmark,Fishing Sector,2013,1891
DNK,Denmark,Fishing Sector,2014,1896
DNK,Denmark,Fishing Sector,2015,1822
DNK,Denmark,Marine Coastal Fishing,2005,3241
DNK,Denmark,Marine Coastal Fishing,2006,2897
DNK,Denmark,Marine Coastal Fishing,2007,2573
DNK,Denmark,Marine Coastal Fishing,2008,2221
DNK,Denmark,Marine Coastal Fishing,2009,2060
DNK,Denmark,Marine Coastal Fishing,2010,2072
DNK,Denmark,Marine Coastal Fishing,2011,2017
DNK,Denmark,Marine Coastal Fishing,2012,1942
DNK,Denmark,Marine Coastal Fishing,2013,1891
DNK,Denmark,Marine Coastal Fishing,2014,1896
DNK,Denmark,Unspecified Fishing,2015,1822
DNK,Denmark,Aquaculture,2005,571
DNK,Denmark,Aquaculture,2006,553
DNK,Denmark,Aquaculture,2007,547
DNK,Denmark,Aquaculture,2008,497
DNK,Denmark,Aquaculture,2009,443
DNK,Denmark,Aquaculture,2010,445
DNK,Denmark,Aquaculture,2011,430
DNK,Denmark,Aquaculture,2012,425
DNK,Denmark,Aquaculture,2013,421
DNK,Denmark,Aquaculture,2014,448
DNK,Denmark,Aquaculture,2015,437
DNK,Denmark,Processing,2005,5209
DNK,Denmark,Processing,2006,5148
DNK,Denmark,Processing,2007,4832
DNK,Denmark,Processing,2008,4281
DNK,Denmark,Processing,2009,4176
DNK,Denmark,Processing,2010,4224
DNK,Denmark,Processing,2011,3833
DNK,Denmark,Processing,2012,3733
DNK,Denmark,Processing,2013,3455
DNK,Denmark,Processing,2014,3683
DNK,Denmark,Processing,2015,3641
FRA,France,Fishing Sector,2005,25459
FRA,France,Fishing Sector,2006,16957
FRA,France,Fishing Sector,2008,19354
FRA,France,Fishing Sector,2009,18560
FRA,France,Fishing Sector,2010,17675
FRA,France,Fishing Sector,2011,17148
FRA,France,Fishing Sector,2012,17059
FRA,France,Fishing Sector,2013,16777
FRA,France,Fishing Sector,2014,16607
FRA,France,Fishing Sector,2015,16515
FRA,France,Fishing Sector,2016,16623
FRA,France,Fishing Sector,2017,16594
FRA,France,Marine Coastal Fishing,2006,12691
FRA,France,Marine Coastal Fishing,2008,14413
FRA,France,Marine Coastal Fishing,2009,13525
FRA,France,Marine Coastal Fishing,2010,12918
FRA,France,Marine Coastal Fishing,2011,12577
FRA,France,Marine Coastal Fishing,2012,12500
FRA,France,Marine Coastal Fishing,2013,12207
FRA,France,Marine Coastal Fishing,2014,12036
FRA,France,Marine Coastal Fishing,2015,11850
FRA,France,Marine Coastal Fishing,2016,11781
FRA,France,Marine Coastal Fishing,2017,11604
FRA,France,Marine Deep-Sea Fishing,2006,4266
FRA,France,Marine Deep-Sea Fishing,2008,4941
FRA,France,Marine Deep-Sea Fishing,2009,5035
FRA,France,Marine Deep-Sea Fishing,2010,4757
FRA,France,Marine Deep-Sea Fishing,2011,4571
FRA,France,Marine Deep-Sea Fishing,2012,4559
FRA,France,Marine Deep-Sea Fishing,2013,4570
FRA,France,Marine Deep-Sea Fishing,2014,4571
FRA,France,Marine Deep-Sea Fishing,2015,4665
FRA,France,Marine Deep-Sea Fishing,2016,4842
FRA,France,Marine Deep-Sea Fishing,2017,4990
FRA,France,Unspecified Fishing,2005,25459
FRA,France,Aquaculture,2005,20187
FRA,France,Aquaculture,2006,20520
FRA,France,Aquaculture,2008,19995
FRA,France,Aquaculture,2009,20694
FRA,France,Aquaculture,2011,19497
FRA,France,Aquaculture,2012,20125
FRA,France,Processing,2005,14386
FRA,France,Processing,2008,11565
FRA,France,Processing,2009,15590
FRA,France,Processing,2011,15963
FRA,France,Processing,2012,16184
ISL,Iceland,Fishing Sector,2005,5000
ISL,Iceland,Fishing Sector,2006,4500
ISL,Iceland,Fishing Sector,2007,4400
ISL,Iceland,Fishing Sector,2008,4400
ISL,Iceland,Fishing Sector,2009,4700
ISL,Iceland,Fishing Sector,2010,5300
ISL,Iceland,Fishing Sector,2011,5300
ISL,Iceland,Fishing Sector,2012,5000
ISL,Iceland,Fishing Sector,2013,3800
ISL,Iceland,Fishing Sector,2014,4400
ISL,Iceland,Fishing Sector,2015,4000
ISL,Iceland,Fishing Sector,2016,4434
ISL,Iceland,Fishing Sector,2017,4323
ISL,Iceland,Aquaculture,2005,220
ISL,Iceland,Aquaculture,2006,240
ISL,Iceland,Aquaculture,2007,230
ISL,Iceland,Aquaculture,2008,250
ISL,Iceland,Aquaculture,2009,250
ISL,Iceland,Aquaculture,2010,240
ISL,Iceland,Aquaculture,2011,240
ISL,Iceland,Aquaculture,2012,250
ISL,Iceland,Aquaculture,2013,340
ISL,Iceland,Aquaculture,2014,340
ISL,Iceland,Aquaculture,2015,340
ISL,Iceland,Aquaculture,2016,560
ISL,Iceland,Aquaculture,2017,580
ISL,Iceland,Processing,2005,4900
ISL,Iceland,Processing,2006,3900
ISL,Iceland,Processing,2007,3000
ISL,Iceland,Processing,2008,3000
ISL,Iceland,Processing,2009,3300
ISL,Iceland,Processing,2010,3500
ISL,Iceland,Processing,2011,3800
ISL,Iceland,Processing,2012,4400
ISL,Iceland,Processing,2013,5100
ISL,Iceland,Processing,2014,4800
ISL,Iceland,Processing,2015,3800
ISL,Iceland,Processing,2016,3800
ISL,Iceland,Processing,2017,2900
ITA,Italy,Fishing Sector,2005,32174
ITA,Italy,Fishing Sector,2006,30351
ITA,Italy,Fishing Sector,2007,30214
ITA,Italy,Fishing Sector,2008,29604
ITA,Italy,Fishing Sector,2009,29222
ITA,Italy,Fishing Sector,2010,29222
ITA,Italy,Fishing Sector,2011,28964
ITA,Italy,Fishing Sector,2012,28292
ITA,Italy,Fishing Sector,2013,26758
ITA,Italy,Fishing Sector,2014,26932
ITA,Italy,Fishing Sector,2015,25812
ITA,Italy,Fishing Sector,2016,25933
ITA,Italy,Fishing Sector,2017,26146
ITA,Italy,Marine Coastal Fishing,2005,23045
ITA,Italy,Marine Coastal Fishing,2006,21857
ITA,Italy,Marine Coastal Fishing,2007,22341
ITA,Italy,Marine Coastal Fishing,2008,21967
ITA,Italy,Marine Coastal Fishing,2009,21700
ITA,Italy,Marine Coastal Fishing,2010,21667
ITA,Italy,Marine Coastal Fishing,2011,21833
ITA,Italy,Marine Coastal Fishing,2012,21717
ITA,Italy,Marine Coastal Fishing,2013,20547
ITA,Italy,Marine Coastal Fishing,2014,20516
ITA,Italy,Marine Coastal Fishing,2015,19725
ITA,Italy,Marine Coastal Fishing,2016,22617
ITA,Italy,Marine Coastal Fishing,2017,22786
ITA,Italy,Marine Deep-Sea Fishing,2005,5276
ITA,Italy,Marine Deep-Sea Fishing,2006,5046
ITA,Italy,Marine Deep-Sea Fishing,2007,4416
ITA,Italy,Marine Deep-Sea Fishing,2008,4531
ITA,Italy,Marine Deep-Sea Fishing,2009,4389
ITA,Italy,Marine Deep-Sea Fishing,2010,4372
ITA,Italy,Marine Deep-Sea Fishing,2011,4090
ITA,Italy,Marine Deep-Sea Fishing,2012,3705
ITA,Italy,Marine Deep-Sea Fishing,2013,3415
ITA,Italy,Marine Deep-Sea Fishing,2014,3546
ITA,Italy,Marine Deep-Sea Fishing,2015,3286
ITA,Italy,Marine Deep-Sea Fishing,2016,3316
ITA,Italy,Marine Deep-Sea Fishing,2017,3360
ITA,Italy,Unspecified Fishing,2005,3853
ITA,Italy,Unspecified Fishing,2006,3448
ITA,Italy,Unspecified Fishing,2007,3457
ITA,Italy,Unspecified Fishing,2008,3105
ITA,Italy,Unspecified Fishing,2009,3133
ITA,Italy,Unspecified Fishing,2010,3184
ITA,Italy,Unspecified Fishing,2011,3041
ITA,Italy,Unspecified Fishing,2012,2870
ITA,Italy,Unspecified Fishing,2013,2796
ITA,Italy,Unspecified Fishing,2014,2870
ITA,Italy,Unspecified Fishing,2015,2801
ITA,Italy,Aquaculture,2008,4357
ITA,Italy,Aquaculture,2009,5884
ITA,Italy,Aquaculture,2010,5836
ITA,Italy,Aquaculture,2011,5076
ITA,Italy,Aquaculture,2012,5159
ITA,Italy,Aquaculture,2013,5064
ITA,Italy,Aquaculture,2014,5112
ITA,Italy,Aquaculture,2015,4917
ITA,Italy,Aquaculture,2016,4546
ITA,Italy,Processing,2008,5425
ITA,Italy,Processing,2009,5285
ITA,Italy,Processing,2010,5950
ITA,Italy,Processing,2011,6109
ITA,Italy,Processing,2012,6197
ITA,Italy,Processing,2013,6292
ITA,Italy,Processing,2014,5628
ITA,Italy,Processing,2015,5926
JPN,Japan,Fishing Sector,2005,222160
JPN,Japan,Fishing Sector,2006,212470
JPN,Japan,Fishing Sector,2007,204330
JPN,Japan,Fishing Sector,2008,221910
JPN,Japan,Fishing Sector,2009,211810
JPN,Japan,Fishing Sector,2010,202880
JPN,Japan,Fishing Sector,2011,177870
JPN,Japan,Fishing Sector,2012,173660
JPN,Japan,Fishing Sector,2013,180990
JPN,Japan,Fishing Sector,2014,173040
JPN,Japan,Fishing Sector,2015,166610
JPN,Japan,Fishing Sector,2016,160020
JPN,Japan,Fishing Sector,2017,153490
JPN,Japan,Marine Coastal Fishing,2005,192130
JPN,Japan,Marine Coastal Fishing,2006,185130
JPN,Japan,Marine Coastal Fishing,2007,178220
JPN,Japan,Marine Deep-Sea Fishing,2005,30030
JPN,Japan,Marine Deep-Sea Fishing,2006,27340
JPN,Japan,Marine Deep-Sea Fishing,2007,26110
JPN,Japan,Unspecified Fishing,2008,221910
JPN,Japan,Unspecified Fishing,2009,211810
JPN,Japan,Unspecified Fishing,2010,202880
JPN,Japan,Unspecified Fishing,2011,177870
JPN,Japan,Unspecified Fishing,2012,173660
JPN,Japan,Unspecified Fishing,2013,180990
JPN,Japan,Unspecified Fishing,2014,173040
JPN,Japan,Unspecified Fishing,2015,166610
JPN,Japan,Unspecified Fishing,2016,160020
JPN,Japan,Unspecified Fishing,2017,153490
KOR,Korea,Fishing Sector,2005,92527
KOR,Korea,Fishing Sector,2006,84863
KOR,Korea,Fishing Sector,2007,80110
KOR,Korea,Fishing Sector,2008,77918
KOR,Korea,Fishing Sector,2009,74031
KOR,Korea,Fishing Sector,2010,82677
KOR,Korea,Fishing Sector,2011,73918
KOR,Korea,Fishing Sector,2013,70158
KOR,Korea,Fishing Sector,2014,68157
KOR,Korea,Fishing Sector,2015,72365
KOR,Korea,Fishing Sector,2016,61505
KOR,Korea,Fishing Sector,2017,65511
KOR,Korea,Inland Waters Fishing,2005,3684
KOR,Korea,Inland Waters Fishing,2010,3334
KOR,Korea,Inland Waters Fishing,2015,5008
KOR,Korea,Marine Coastal Fishing,2005,86308
KOR,Korea,Marine Coastal Fishing,2006,82524
KOR,Korea,Marine Coastal Fishing,2007,77965
KOR,Korea,Marine Coastal Fishing,2008,76021
KOR,Korea,Marine Coastal Fishing,2009,72103
KOR,Korea,Marine Coastal Fishing,2010,77451
KOR,Korea,Marine Coastal Fishing,2011,71865
KOR,Korea,Marine Coastal Fishing,2013,68253
KOR,Korea,Marine Coastal Fishing,2014,68157
KOR,Korea,Marine Coastal Fishing,2015,67357
KOR,Korea,Marine Coastal Fishing,2016,61505
KOR,Korea,Marine Coastal Fishing,2017,65511
KOR,Korea,Marine Deep-Sea Fishing,2005,2535
KOR,Korea,Marine Deep-Sea Fishing,2006,2339
KOR,Korea,Marine Deep-Sea Fishing,2007,2145
KOR,Korea,Marine Deep-Sea Fishing,2008,1897
KOR,Korea,Marine Deep-Sea Fishing,2009,1928
KOR,Korea,Marine Deep-Sea Fishing,2010,1892
KOR,Korea,Marine Deep-Sea Fishing,2011,2053
KOR,Korea,Marine Deep-Sea Fishing,2013,1905
KOR,Korea,Aquaculture,2005,46688
KOR,Korea,Aquaculture,2006,45524
KOR,Korea,Aquaculture,2007,44951
KOR,Korea,Aquaculture,2008,42858
KOR,Korea,Aquaculture,2009,43428
KOR,Korea,Aquaculture,2010,32280
KOR,Korea,Aquaculture,2011,32038
KOR,Korea,Aquaculture,2013,29719
KOR,Korea,Aquaculture,2014,27652
KOR,Korea,Aquaculture,2015,22787
KOR,Korea,Aquaculture,2016,26709
KOR,Korea,Aquaculture,2017,22374
MEX,Mexico,Fishing Sector,2005,255529
MEX,Mexico,Fishing Sector,2006,257939
MEX,Mexico,Fishing Sector,2007,253237
MEX,Mexico,Fishing Sector,2008,243449
MEX,Mexico,Fishing Sector,2009,242576
MEX,Mexico,Fishing Sector,2010,250680
MEX,Mexico,Fishing Sector,2011,222681
MEX,Mexico,Fishing Sector,2012,210247
MEX,Mexico,Fishing Sector,2013,216283
MEX,Mexico,Fishing Sector,2014,214669
MEX,Mexico,Fishing Sector,2015,238590
MEX,Mexico,Fishing Sector,2016,237995
MEX,Mexico,Fishing Sector,2017,238783
MEX,Mexico,Inland Waters Fishing,2005,11458
MEX,Mexico,Inland Waters Fishing,2006,11478
MEX,Mexico,Inland Waters Fishing,2007,11602
MEX,Mexico,Inland Waters Fishing,2008,11110
MEX,Mexico,Inland Waters Fishing,2009,11065
MEX,Mexico,Inland Waters Fishing,2010,9002
MEX,Mexico,Inland Waters Fishing,2011,8850
MEX,Mexico,Inland Waters Fishing,2012,10907
MEX,Mexico,Inland Waters Fishing,2013,14744
MEX,Mexico,Inland Waters Fishing,2014,10285
MEX,Mexico,Inland Waters Fishing,2015,11622
MEX,Mexico,Inland Waters Fishing,2016,11415
MEX,Mexico,Inland Waters Fishing,2017,11601
MEX,Mexico,Marine Coastal Fishing,2005,166970
MEX,Mexico,Marine Coastal Fishing,2006,207924
MEX,Mexico,Marine Coastal Fishing,2007,204284
MEX,Mexico,Marine Coastal Fishing,2008,204778
MEX,Mexico,Marine Coastal Fishing,2009,205212
MEX,Mexico,Marine Coastal Fishing,2010,216037
MEX,Mexico,Marine Coastal Fishing,2011,188306
MEX,Mexico,Marine Coastal Fishing,2012,175803
MEX,Mexico,Marine Coastal Fishing,2013,185197
MEX,Mexico,Marine Coastal Fishing,2014,188758
MEX,Mexico,Marine Coastal Fishing,2015,211176
MEX,Mexico,Marine Coastal Fishing,2016,210518
MEX,Mexico,Marine Coastal Fishing,2017,211257
MEX,Mexico,Marine Deep-Sea Fishing,2005,34094
MEX,Mexico,Marine Deep-Sea Fishing,2006,38537
MEX,Mexico,Marine Deep-Sea Fishing,2007,37351
MEX,Mexico,Marine Deep-Sea Fishing,2008,27561
MEX,Mexico,Marine Deep-Sea Fishing,2009,26299
MEX,Mexico,Marine Deep-Sea Fishing,2010,25641
MEX,Mexico,Marine Deep-Sea Fishing,2011,25525
MEX,Mexico,Marine Deep-Sea Fishing,2012,23537
MEX,Mexico,Marine Deep-Sea Fishing,2013,16342
MEX,Mexico,Marine Deep-Sea Fishing,2014,15626
MEX,Mexico,Marine Deep-Sea Fishing,2015,15792
MEX,Mexico,Marine Deep-Sea Fishing,2016,16062
MEX,Mexico,Marine Deep-Sea Fishing,2017,15925
MEX,Mexico,Unspecified Fishing,2005,43007
MEX,Mexico,Aquaculture,2005,23522
MEX,Mexico,Aquaculture,2006,24999
MEX,Mexico,Aquaculture,2007,30418
MEX,Mexico,Aquaculture,2008,30332
MEX,Mexico,Aquaculture,2009,30690
MEX,Mexico,Aquaculture,2010,43123
MEX,Mexico,Aquaculture,2011,48688
MEX,Mexico,Aquaculture,2012,56133
MEX,Mexico,Aquaculture,2013,56250
MEX,Mexico,Aquaculture,2014,56250
MEX,Mexico,Aquaculture,2015,56250
MEX,Mexico,Aquaculture,2016,56250
MEX,Mexico,Aquaculture,2017,56250
MEX,Mexico,Processing,2005,18749
MEX,Mexico,Processing,2006,19402
MEX,Mexico,Processing,2007,19464
NLD,Netherlands,Fishing Sector,2005,2509
NLD,Netherlands,Fishing Sector,2006,2321
NLD,Netherlands,Fishing Sector,2007,2352
NLD,Netherlands,Fishing Sector,2008,2304
NLD,Netherlands,Fishing Sector,2009,2364
NLD,Netherlands,Fishing Sector,2010,2165
NLD,Netherlands,Fishing Sector,2011,2007
NLD,Netherlands,Fishing Sector,2012,2009
NLD,Netherlands,Fishing Sector,2013,2017
NLD,Netherlands,Fishing Sector,2014,1849
NLD,Netherlands,Fishing Sector,2015,1779
NLD,Netherlands,Fishing Sector,2016,1881
NLD,Netherlands,Fishing Sector,2017,1981
NLD,Netherlands,Inland Waters Fishing,2005,480
NLD,Netherlands,Inland Waters Fishing,2006,460
NLD,Netherlands,Inland Waters Fishing,2007,440
NLD,Netherlands,Inland Waters Fishing,2008,420
NLD,Netherlands,Inland Waters Fishing,2009,400
NLD,Netherlands,Inland Waters Fishing,2010,350
NLD,Netherlands,Inland Waters Fishing,2011,300
NLD,Netherlands,Inland Waters Fishing,2012,285
NLD,Netherlands,Inland Waters Fishing,2013,275
NLD,Netherlands,Inland Waters Fishing,2014,170
NLD,Netherlands,Inland Waters Fishing,2015,160
NLD,Netherlands,Inland Waters Fishing,2016,150
NLD,Netherlands,Inland Waters Fishing,2017,150
NLD,Netherlands,Marine Coastal Fishing,2005,1469
NLD,Netherlands,Marine Coastal Fishing,2006,1396
NLD,Netherlands,Marine Coastal Fishing,2007,1404
NLD,Netherlands,Marine Coastal Fishing,2008,1376
NLD,Netherlands,Marine Coastal Fishing,2009,1462
NLD,Netherlands,Marine Coastal Fishing,2010,1315
NLD,Netherlands,Marine Coastal Fishing,2011,1207
NLD,Netherlands,Marine Coastal Fishing,2012,1239
NLD,Netherlands,Marine Coastal Fishing,2013,1292
NLD,Netherlands,Marine Coastal Fishing,2014,1271
NLD,Netherlands,Marine Coastal Fishing,2015,1283
NLD,Netherlands,Marine Coastal Fishing,2016,1388
NLD,Netherlands,Marine Coastal Fishing,2017,1481
NLD,Netherlands,Marine Deep-Sea Fishing,2005,560
NLD,Netherlands,Marine Deep-Sea Fishing,2006,465
NLD,Netherlands,Marine Deep-Sea Fishing,2007,508
NLD,Netherlands,Marine Deep-Sea Fishing,2008,508
NLD,Netherlands,Marine Deep-Sea Fishing,2009,502
NLD,Netherlands,Marine Deep-Sea Fishing,2010,500
NLD,Netherlands,Marine Deep-Sea Fishing,2011,500
NLD,Netherlands,Marine Deep-Sea Fishing,2012,485
NLD,Netherlands,Marine Deep-Sea Fishing,2013,450
NLD,Netherlands,Marine Deep-Sea Fishing,2014,408
NLD,Netherlands,Marine Deep-Sea Fishing,2015,336
NLD,Netherlands,Marine Deep-Sea Fishing,2016,343
NLD,Netherlands,Marine Deep-Sea Fishing,2017,350
NLD,Netherlands,Aquaculture,2005,260
NLD,Netherlands,Aquaculture,2006,245
NLD,Netherlands,Aquaculture,2007,235
NLD,Netherlands,Aquaculture,2008,220
NLD,Netherlands,Aquaculture,2009,391
NLD,Netherlands,Aquaculture,2010,369
NLD,Netherlands,Aquaculture,2011,357
NLD,Netherlands,Aquaculture,2012,363
NLD,Netherlands,Aquaculture,2013,216
NLD,Netherlands,Aquaculture,2014,212
NLD,Netherlands,Aquaculture,2015,200
NLD,Netherlands,Aquaculture,2016,200
NLD,Netherlands,Aquaculture,2017,200
NLD,Netherlands,Processing,2005,2600
NLD,Netherlands,Processing,2006,2550
NLD,Netherlands,Processing,2007,2500
NLD,Netherlands,Processing,2008,2325
NLD,Netherlands,Processing,2009,2775
NLD,Netherlands,Processing,2010,2506
NLD,Netherlands,Processing,2011,2537
NLD,Netherlands,Processing,2012,2469
NLD,Netherlands,Processing,2013,2649
NLD,Netherlands,Processing,2014,2815
NLD,Netherlands,Processing,2015,2800
NLD,Netherlands,Processing,2016,2800
NLD,Netherlands,Processing,2017,2800
NZL,New Zealand,Fishing Sector,2005,1600
NZL,New Zealand,Fishing Sector,2006,1600
NZL,New Zealand,Fishing Sector,2007,1600
NZL,New Zealand,Fishing Sector,2008,1600
NZL,New Zealand,Fishing Sector,2009,1850
NZL,New Zealand,Fishing Sector,2010,1800
NZL,New Zealand,Fishing Sector,2011,1800
NZL,New Zealand,Fishing Sector,2012,1700
NZL,New Zealand,Fishing Sector,2013,1800
NZL,New Zealand,Fishing Sector,2014,1850
NZL,New Zealand,Fishing Sector,2015,2050
NZL,New Zealand,Fishing Sector,2016,2000
NZL,New Zealand,Fishing Sector,2017,2500
NZL,New Zealand,Unspecified Fishing,2005,1600
NZL,New Zealand,Unspecified Fishing,2006,1600
NZL,New Zealand,Unspecified Fishing,2007,1600
NZL,New Zealand,Unspecified Fishing,2008,1600
NZL,New Zealand,Unspecified Fishing,2009,1850
NZL,New Zealand,Unspecified Fishing,2010,1800
NZL,New Zealand,Unspecified Fishing,2011,1800
NZL,New Zealand,Unspecified Fishing,2012,1700
NZL,New Zealand,Unspecified Fishing,2013,1800
NZL,New Zealand,Unspecified Fishing,2014,1850
NZL,New Zealand,Unspecified Fishing,2015,2050
NZL,New Zealand,Unspecified Fishing,2016,2000
NZL,New Zealand,Unspecified Fishing,2017,2500
NZL,New Zealand,Aquaculture,2005,730
NZL,New Zealand,Aquaculture,2006,720
NZL,New Zealand,Aquaculture,2007,680
NZL,New Zealand,Aquaculture,2008,680
NZL,New Zealand,Aquaculture,2009,810
NZL,New Zealand,Aquaculture,2010,650
NZL,New Zealand,Aquaculture,2011,620
NZL,New Zealand,Aquaculture,2012,610
NZL,New Zealand,Aquaculture,2013,700
NZL,New Zealand,Aquaculture,2014,660
NZL,New Zealand,Aquaculture,2015,650
NZL,New Zealand,Aquaculture,2016,750
NZL,New Zealand,Aquaculture,2017,750
NZL,New Zealand,Processing,2005,6800
NZL,New Zealand,Processing,2006,6740
NZL,New Zealand,Processing,2007,6520
NZL,New Zealand,Processing,2008,5870
NZL,New Zealand,Processing,2009,5690
NZL,New Zealand,Processing,2010,5640
NZL,New Zealand,Processing,2011,5540
NZL,New Zealand,Processing,2012,5750
NZL,New Zealand,Processing,2013,5470
NZL,New Zealand,Processing,2014,5400
NZL,New Zealand,Processing,2015,4950
NZL,New Zealand,Processing,2016,5350
NZL,New Zealand,Processing,2017,5150
NOR,Norway,Fishing Sector,2005,15532
NOR,Norway,Fishing Sector,2006,14728
NOR,Norway,Fishing Sector,2007,14034
NOR,Norway,Fishing Sector,2008,13537
NOR,Norway,Fishing Sector,2009,13229
NOR,Norway,Fishing Sector,2010,12993
NOR,Norway,Fishing Sector,2011,12768
NOR,Norway,Fishing Sector,2012,12048
NOR,Norway,Fishing Sector,2013,11611
NOR,Norway,Fishing Sector,2014,11301
NOR,Norway,Fishing Sector,2015,11130
NOR,Norway,Fishing Sector,2016,11236
NOR,Norway,Fishing Sector,2017,11320
NOR,Norway,Marine Coastal Fishing,2005,15532
NOR,Norway,Marine Coastal Fishing,2006,14728
NOR,Norway,Marine Coastal Fishing,2007,14034
NOR,Norway,Marine Coastal Fishing,2008,13537
NOR,Norway,Marine Coastal Fishing,2009,13229
NOR,Norway,Marine Coastal Fishing,2010,12993
NOR,Norway,Marine Coastal Fishing,2011,12768
NOR,Norway,Marine Coastal Fishing,2012,12048
NOR,Norway,Marine Coastal Fishing,2013,11611
NOR,Norway,Marine Coastal Fishing,2014,11301
NOR,Norway,Marine Coastal Fishing,2015,11130
NOR,Norway,Marine Coastal Fishing,2016,11236
NOR,Norway,Marine Coastal Fishing,2017,11320
NOR,Norway,Aquaculture,2005,4222
NOR,Norway,Aquaculture,2006,4553
NOR,Norway,Aquaculture,2007,4778
NOR,Norway,Aquaculture,2008,4870
NOR,Norway,Aquaculture,2009,5064
NOR,Norway,Aquaculture,2010,5525
NOR,Norway,Aquaculture,2011,5877
NOR,Norway,Aquaculture,2012,5893
NOR,Norway,Aquaculture,2013,5983
NOR,Norway,Aquaculture,2014,6274
NOR,Norway,Aquaculture,2015,6872
NOR,Norway,Aquaculture,2016,7825
NOR,Norway,Aquaculture,2017,8048
NOR,Norway,Processing,2005,10772
NOR,Norway,Processing,2006,10443
NOR,Norway,Processing,2007,10408
NOR,Norway,Processing,2008,10090
NOR,Norway,Processing,2009,10341
NOR,Norway,Processing,2010,10591
NOR,Norway,Processing,2011,10455
NOR,Norway,Processing,2012,10927
NOR,Norway,Processing,2013,11406
NOR,Norway,Processing,2014,11681
NOR,Norway,Processing,2015,11209
NOR,Norway,Processing,2016,11165
NOR,Norway,Processing,2017,11382
PRT,Portugal,Fishing Sector,2005,18085
PRT,Portugal,Fishing Sector,2006,17261
PRT,Portugal,Fishing Sector,2007,17021
PRT,Portugal,Fishing Sector,2008,16854
PRT,Portugal,Fishing Sector,2009,17415
PRT,Portugal,Fishing Sector,2010,16920
PRT,Portugal,Fishing Sector,2011,16402
PRT,Portugal,Fishing Sector,2012,16559
PRT,Portugal,Fishing Sector,2013,16797
PRT,Portugal,Fishing Sector,2014,16779
PRT,Portugal,Fishing Sector,2015,17536
PRT,Portugal,Fishing Sector,2016,17331
PRT,Portugal,Fishing Sector,2017,17642
PRT,Portugal,Inland Waters Fishing,2005,2223
PRT,Portugal,Inland Waters Fishing,2006,2318
PRT,Portugal,Inland Waters Fishing,2007,2376
PRT,Portugal,Inland Waters Fishing,2008,2236
PRT,Portugal,Inland Waters Fishing,2009,2066
PRT,Portugal,Inland Waters Fishing,2010,1936
PRT,Portugal,Inland Waters Fishing,2011,1769
PRT,Portugal,Inland Waters Fishing,2012,1626
PRT,Portugal,Inland Waters Fishing,2013,1680
PRT,Portugal,Inland Waters Fishing,2014,1616
PRT,Portugal,Inland Waters Fishing,2015,1697
PRT,Portugal,Inland Waters Fishing,2016,1697
PRT,Portugal,Inland Waters Fishing,2017,1663
PRT,Portugal,Marine Coastal Fishing,2005,15344
PRT,Portugal,Marine Coastal Fishing,2006,14421
PRT,Portugal,Marine Coastal Fishing,2007,14158
PRT,Portugal,Marine Coastal Fishing,2008,14127
PRT,Portugal,Marine Coastal Fishing,2009,14796
PRT,Portugal,Marine Coastal Fishing,2010,14522
PRT,Portugal,Marine Coastal Fishing,2011,14213
PRT,Portugal,Marine Coastal Fishing,2012,14535
PRT,Portugal,Marine Coastal Fishing,2013,14580
PRT,Portugal,Marine Coastal Fishing,2014,14714
PRT,Portugal,Marine Coastal Fishing,2015,15260
PRT,Portugal,Marine Coastal Fishing,2016,15225
PRT,Portugal,Marine Coastal Fishing,2017,15544
PRT,Portugal,Marine Deep-Sea Fishing,2005,518
PRT,Portugal,Marine Deep-Sea Fishing,2006,522
PRT,Portugal,Marine Deep-Sea Fishing,2007,487
PRT,Portugal,Marine Deep-Sea Fishing,2008,491
PRT,Portugal,Marine Deep-Sea Fishing,2009,553
PRT,Portugal,Marine Deep-Sea Fishing,2010,462
PRT,Portugal,Marine Deep-Sea Fishing,2011,420
PRT,Portugal,Marine Deep-Sea Fishing,2012,398
PRT,Portugal,Marine Deep-Sea Fishing,2013,537
PRT,Portugal,Marine Deep-Sea Fishing,2014,449
PRT,Portugal,Marine Deep-Sea Fishing,2015,579
PRT,Portugal,Marine Deep-Sea Fishing,2016,409
PRT,Portugal,Marine Deep-Sea Fishing,2017,435
ESP,Spain,Fishing Sector,2005,36709
ESP,Spain,Fishing Sector,2006,35236
ESP,Spain,Fishing Sector,2007,33069
ESP,Spain,Fishing Sector,2008,31387
ESP,Spain,Fishing Sector,2009,39056
ESP,Spain,Fishing Sector,2010,41062
ESP,Spain,Fishing Sector,2011,37493
ESP,Spain,Fishing Sector,2012,28196
ESP,Spain,Fishing Sector,2013,27218
ESP,Spain,Fishing Sector,2014,26785
ESP,Spain,Fishing Sector,2015,25863
ESP,Spain,Fishing Sector,2016,24744
ESP,Spain,Fishing Sector,2017,22823
ESP,Spain,Marine Coastal Fishing,2005,19289
ESP,Spain,Marine Coastal Fishing,2006,18495
ESP,Spain,Marine Coastal Fishing,2007,18088
ESP,Spain,Marine Coastal Fishing,2008,22010
ESP,Spain,Marine Coastal Fishing,2009,12284
ESP,Spain,Marine Coastal Fishing,2010,13720
ESP,Spain,Marine Coastal Fishing,2011,13815
ESP,Spain,Marine Coastal Fishing,2012,16856
ESP,Spain,Marine Coastal Fishing,2013,16612
ESP,Spain,Marine Coastal Fishing,2014,16208
ESP,Spain,Marine Coastal Fishing,2015,15450
ESP,Spain,Marine Coastal Fishing,2016,14577
ESP,Spain,Marine Coastal Fishing,2017,14714
ESP,Spain,Marine Deep-Sea Fishing,2005,17420
ESP,Spain,Marine Deep-Sea Fishing,2006,16741
ESP,Spain,Marine Deep-Sea Fishing,2007,14981
ESP,Spain,Marine Deep-Sea Fishing,2008,9377
ESP,Spain,Marine Deep-Sea Fishing,2009,26772
ESP,Spain,Marine Deep-Sea Fishing,2010,27342
ESP,Spain,Marine Deep-Sea Fishing,2011,23678
ESP,Spain,Marine Deep-Sea Fishing,2012,11340
ESP,Spain,Marine Deep-Sea Fishing,2013,10606
ESP,Spain,Marine Deep-Sea Fishing,2014,10577
ESP,Spain,Marine Deep-Sea Fishing,2015,10413
ESP,Spain,Marine Deep-Sea Fishing,2016,10167
ESP,Spain,Marine Deep-Sea Fishing,2017,8109
ESP,Spain,Aquaculture,2005,6586
ESP,Spain,Aquaculture,2006,6903
ESP,Spain,Aquaculture,2007,7650
ESP,Spain,Aquaculture,2008,6609
ESP,Spain,Aquaculture,2009,6170
ESP,Spain,Aquaculture,2010,6377
ESP,Spain,Aquaculture,2011,27180
ESP,Spain,Aquaculture,2012,7968
ESP,Spain,Aquaculture,2013,6384
ESP,Spain,Aquaculture,2014,6234
ESP,Spain,Aquaculture,2015,6157
ESP,Spain,Aquaculture,2016,6118
ESP,Spain,Aquaculture,2017,8081
SWE,Sweden,Fishing Sector,2005,1902
SWE,Sweden,Fishing Sector,2006,1880
SWE,Sweden,Fishing Sector,2007,1864
SWE,Sweden,Fishing Sector,2008,1800
SWE,Sweden,Fishing Sector,2009,1686
SWE,Sweden,Fishing Sector,2010,1642
SWE,Sweden,Fishing Sector,2011,1603
SWE,Sweden,Fishing Sector,2012,1846
SWE,Sweden,Fishing Sector,2013,1757
SWE,Sweden,Fishing Sector,2014,1668
SWE,Sweden,Fishing Sector,2015,1657
SWE,Sweden,Fishing Sector,2016,1654
SWE,Sweden,Fishing Sector,2017,1590
SWE,Sweden,Inland Waters Fishing,2005,185
SWE,Sweden,Inland Waters Fishing,2006,187
SWE,Sweden,Inland Waters Fishing,2007,192
SWE,Sweden,Inland Waters Fishing,2008,199
SWE,Sweden,Inland Waters Fishing,2009,187
SWE,Sweden,Inland Waters Fishing,2010,184
SWE,Sweden,Inland Waters Fishing,2011,181
SWE,Sweden,Inland Waters Fishing,2012,183
SWE,Sweden,Inland Waters Fishing,2013,180
SWE,Sweden,Inland Waters Fishing,2014,168
SWE,Sweden,Inland Waters Fishing,2015,170
SWE,Sweden,Inland Waters Fishing,2016,169
SWE,Sweden,Inland Waters Fishing,2017,172
SWE,Sweden,Marine Coastal Fishing,2005,1717
SWE,Sweden,Marine Coastal Fishing,2006,1693
SWE,Sweden,Marine Coastal Fishing,2007,1672
SWE,Sweden,Marine Coastal Fishing,2008,1601
SWE,Sweden,Marine Coastal Fishing,2009,1499
SWE,Sweden,Marine Coastal Fishing,2010,1458
SWE,Sweden,Marine Coastal Fishing,2011,1422
SWE,Sweden,Marine Coastal Fishing,2012,1663
SWE,Sweden,Marine Coastal Fishing,2013,1577
SWE,Sweden,Marine Coastal Fishing,2014,1500
SWE,Sweden,Marine Coastal Fishing,2015,1487
SWE,Sweden,Marine Coastal Fishing,2016,1485
SWE,Sweden,Marine Coastal Fishing,2017,1418
SWE,Sweden,Aquaculture,2005,501
SWE,Sweden,Aquaculture,2006,439
SWE,Sweden,Aquaculture,2007,378
SWE,Sweden,Aquaculture,2008,379
SWE,Sweden,Aquaculture,2009,424
SWE,Sweden,Aquaculture,2010,399
SWE,Sweden,Aquaculture,2011,392
SWE,Sweden,Aquaculture,2012,370
SWE,Sweden,Aquaculture,2013,420
SWE,Sweden,Aquaculture,2014,411
SWE,Sweden,Aquaculture,2015,452
SWE,Sweden,Aquaculture,2016,489
SWE,Sweden,Aquaculture,2017,364
SWE,Sweden,Processing,2005,1941
SWE,Sweden,Processing,2006,2216
SWE,Sweden,Processing,2007,2042
SWE,Sweden,Processing,2008,2165
SWE,Sweden,Processing,2009,1991
SWE,Sweden,Processing,2010,2007
SWE,Sweden,Processing,2011,2126
SWE,Sweden,Processing,2012,2135
SWE,Sweden,Processing,2013,2199
SWE,Sweden,Processing,2014,2174
SWE,Sweden,Processing,2015,2171
SWE,Sweden,Processing,2016,2113
TUR,Turkey,Fishing Sector,2005,55629
TUR,Turkey,Fishing Sector,2006,54008
TUR,Turkey,Fishing Sector,2007,54615
TUR,Turkey,Fishing Sector,2008,53893
TUR,Turkey,Fishing Sector,2009,54907
TUR,Turkey,Fishing Sector,2010,54172
TUR,Turkey,Fishing Sector,2011,45204
TUR,Turkey,Fishing Sector,2012,41054
TUR,Turkey,Fishing Sector,2013,37499
TUR,Turkey,Fishing Sector,2014,36719
TUR,Turkey,Fishing Sector,2015,35821
TUR,Turkey,Fishing Sector,2016,36907
TUR,Turkey,Fishing Sector,2017,36664
TUR,Turkey,Inland Waters Fishing,2005,7734
TUR,Turkey,Inland Waters Fishing,2006,7670
TUR,Turkey,Inland Waters Fishing,2007,8972
TUR,Turkey,Inland Waters Fishing,2008,8021
TUR,Turkey,Inland Waters Fishing,2009,7494
TUR,Turkey,Inland Waters Fishing,2010,7811
TUR,Turkey,Inland Waters Fishing,2011,7457
TUR,Turkey,Inland Waters Fishing,2012,4278
TUR,Turkey,Inland Waters Fishing,2013,4044
TUR,Turkey,Inland Waters Fishing,2014,4120
TUR,Turkey,Inland Waters Fishing,2015,4471
TUR,Turkey,Inland Waters Fishing,2016,4276
TUR,Turkey,Inland Waters Fishing,2017,4822
TUR,Turkey,Marine Coastal Fishing,2005,47895
TUR,Turkey,Marine Coastal Fishing,2006,46338
TUR,Turkey,Marine Coastal Fishing,2007,45643
TUR,Turkey,Marine Coastal Fishing,2008,45872
TUR,Turkey,Marine Coastal Fishing,2009,47413
TUR,Turkey,Marine Coastal Fishing,2010,46361
TUR,Turkey,Marine Coastal Fishing,2011,37747
TUR,Turkey,Marine Coastal Fishing,2012,36776
TUR,Turkey,Marine Coastal Fishing,2013,33455
TUR,Turkey,Marine Coastal Fishing,2014,32599
TUR,Turkey,Marine Coastal Fishing,2015,31350
TUR,Turkey,Marine Coastal Fishing,2016,32631
TUR,Turkey,Marine Coastal Fishing,2017,31842
TUR,Turkey,Aquaculture,2005,5914
TUR,Turkey,Aquaculture,2006,6143
TUR,Turkey,Aquaculture,2007,6400
TUR,Turkey,Aquaculture,2008,7610
TUR,Turkey,Aquaculture,2009,6349
TUR,Turkey,Aquaculture,2010,6600
TUR,Turkey,Aquaculture,2011,7520
TUR,Turkey,Aquaculture,2012,8500
TUR,Turkey,Aquaculture,2013,9800
TUR,Turkey,Aquaculture,2014,9900
TUR,Turkey,Aquaculture,2015,9850
TUR,Turkey,Aquaculture,2016,9950
TUR,Turkey,Aquaculture,2017,10500
TUR,Turkey,Processing,2005,4990
TUR,Turkey,Processing,2006,6775
TUR,Turkey,Processing,2007,9739
TUR,Turkey,Processing,2008,11464
TUR,Turkey,Processing,2009,5665
TUR,Turkey,Processing,2010,5833
TUR,Turkey,Processing,2011,6009
TUR,Turkey,Processing,2012,6100
TUR,Turkey,Processing,2013,6500
TUR,Turkey,Processing,2014,6000
TUR,Turkey,Processing,2015,6200
TUR,Turkey,Processing,2016,6250
TUR,Turkey,Processing,2017,6500
GBR,United Kingdom,Fishing Sector,2005,12831
GBR,United Kingdom,Fishing Sector,2006,12788
GBR,United Kingdom,Fishing Sector,2007,12729
GBR,United Kingdom,Fishing Sector,2008,12761
GBR,United Kingdom,Fishing Sector,2009,12212
GBR,United Kingdom,Fishing Sector,2010,12703
GBR,United Kingdom,Fishing Sector,2011,12405
GBR,United Kingdom,Fishing Sector,2012,12445
GBR,United Kingdom,Fishing Sector,2013,12235
GBR,United Kingdom,Fishing Sector,2014,11845
GBR,United Kingdom,Fishing Sector,2015,12107
GBR,United Kingdom,Fishing Sector,2016,11757
GBR,United Kingdom,Fishing Sector,2017,11692
GBR,United Kingdom,Marine Deep-Sea Fishing,2005,12831
GBR,United Kingdom,Marine Deep-Sea Fishing,2006,12788
GBR,United Kingdom,Marine Deep-Sea Fishing,2007,12729
GBR,United Kingdom,Marine Deep-Sea Fishing,2008,12761
GBR,United Kingdom,Marine Deep-Sea Fishing,2009,12212
GBR,United Kingdom,Marine Deep-Sea Fishing,2010,12703
GBR,United Kingdom,Marine Deep-Sea Fishing,2011,12405
GBR,United Kingdom,Marine Deep-Sea Fishing,2012,12445
GBR,United Kingdom,Marine Deep-Sea Fishing,2013,12235
GBR,United Kingdom,Marine Deep-Sea Fishing,2014,11845
GBR,United Kingdom,Marine Deep-Sea Fishing,2015,12107
GBR,United Kingdom,Aquaculture,2008,3300
GBR,United Kingdom,Aquaculture,2012,3200
GBR,United Kingdom,Aquaculture,2013,3339
GBR,United Kingdom,Aquaculture,2014,3668
GBR,United Kingdom,Aquaculture,2015,3561
USA,United States,Processing,2005,41607
USA,United States,Processing,2006,40823
USA,United States,Processing,2007,39361
USA,United States,Processing,2008,37397
USA,United States,Processing,2012,37436
ARG,Argentina,Fishing Sector,2005,16561
ARG,Argentina,Fishing Sector,2006,18065
ARG,Argentina,Fishing Sector,2007,17917
ARG,Argentina,Fishing Sector,2008,16894
ARG,Argentina,Fishing Sector,2009,15673
ARG,Argentina,Fishing Sector,2010,14756
ARG,Argentina,Fishing Sector,2011,25269
ARG,Argentina,Fishing Sector,2012,21220
ARG,Argentina,Fishing Sector,2013,20884
ARG,Argentina,Fishing Sector,2014,20929
ARG,Argentina,Fishing Sector,2015,20866
ARG,Argentina,Fishing Sector,2016,20221
ARG,Argentina,Fishing Sector,2017,20409
ARG,Argentina,Inland Waters Fishing,2011,10000
ARG,Argentina,Inland Waters Fishing,2012,7000
ARG,Argentina,Inland Waters Fishing,2013,7000
ARG,Argentina,Inland Waters Fishing,2014,7000
ARG,Argentina,Inland Waters Fishing,2015,7000
ARG,Argentina,Inland Waters Fishing,2016,7430
ARG,Argentina,Inland Waters Fishing,2017,7430
ARG,Argentina,Aquaculture,2005,56
ARG,Argentina,Aquaculture,2006,86
ARG,Argentina,Aquaculture,2007,101
ARG,Argentina,Aquaculture,2008,490
ARG,Argentina,Aquaculture,2009,955
ARG,Argentina,Aquaculture,2010,1000
ARG,Argentina,Aquaculture,2011,2005
ARG,Argentina,Aquaculture,2012,1240
ARG,Argentina,Aquaculture,2013,1238
ARG,Argentina,Aquaculture,2014,3850
ARG,Argentina,Aquaculture,2015,3850
ARG,Argentina,Aquaculture,2016,3853
ARG,Argentina,Aquaculture,2017,3853
ARG,Argentina,Processing,2005,7805
ARG,Argentina,Processing,2006,8005
ARG,Argentina,Processing,2007,7947
ARG,Argentina,Processing,2008,8124
ARG,Argentina,Processing,2009,8248
ARG,Argentina,Processing,2010,8852
ARG,Argentina,Processing,2011,9005
ARG,Argentina,Processing,2012,8015
ARG,Argentina,Processing,2013,7571
ARG,Argentina,Processing,2014,7997
ARG,Argentina,Processing,2015,7819
ARG,Argentina,Processing,2016,8142
ARG,Argentina,Processing,2017,8506
CHL,Chile,Fishing Sector,2007,68602
CHL,Chile,Fishing Sector,2008,73081
CHL,Chile,Fishing Sector,2009,82993
CHL,Chile,Fishing Sector,2010,85800
CHL,Chile,Fishing Sector,2011,88617
CHL,Chile,Fishing Sector,2012,91031
CHL,Chile,Fishing Sector,2013,93982
CHL,Chile,Fishing Sector,2014,93562
CHL,Chile,Fishing Sector,2015,96806
CHL,Chile,Fishing Sector,2016,101018
CHL,Chile,Inland Waters Fishing,2007,0
CHL,Chile,Inland Waters Fishing,2008,0
CHL,Chile,Inland Waters Fishing,2009,0
CHL,Chile,Inland Waters Fishing,2010,0
CHL,Chile,Inland Waters Fishing,2011,0
CHL,Chile,Inland Waters Fishing,2012,0
CHL,Chile,Inland Waters Fishing,2013,0
CHL,Chile,Inland Waters Fishing,2014,0
CHL,Chile,Inland Waters Fishing,2015,0
CHL,Chile,Inland Waters Fishing,2016,0
CHL,Chile,Marine Coastal Fishing,2007,64037
CHL,Chile,Marine Coastal Fishing,2008,69310
CHL,Chile,Marine Coastal Fishing,2009,79072
CHL,Chile,Marine Coastal Fishing,2010,82685
CHL,Chile,Marine Coastal Fishing,2011,85268
CHL,Chile,Marine Coastal Fishing,2012,88893
CHL,Chile,Marine Coastal Fishing,2013,91395
CHL,Chile,Marine Coastal Fishing,2014,91632
CHL,Chile,Marine Coastal Fishing,2015,94179
CHL,Chile,Marine Coastal Fishing,2016,98798
CHL,Chile,Marine Deep-Sea Fishing,2007,4565
CHL,Chile,Marine Deep-Sea Fishing,2008,3771
CHL,Chile,Marine Deep-Sea Fishing,2009,3921
CHL,Chile,Marine Deep-Sea Fishing,2010,3115
CHL,Chile,Marine Deep-Sea Fishing,2011,3349
CHL,Chile,Marine Deep-Sea Fishing,2012,2138
CHL,Chile,Marine Deep-Sea Fishing,2013,2587
CHL,Chile,Marine Deep-Sea Fishing,2014,1930
CHL,Chile,Marine Deep-Sea Fishing,2015,2627
CHL,Chile,Marine Deep-Sea Fishing,2016,2220
CHL,Chile,Unspecified Fishing,2007,0
CHL,Chile,Unspecified Fishing,2008,0
CHL,Chile,Unspecified Fishing,2009,0
CHL,Chile,Unspecified Fishing,2010,0
CHL,Chile,Unspecified Fishing,2011,0
CHL,Chile,Unspecified Fishing,2012,0
CHL,Chile,Unspecified Fishing,2013,0
CHL,Chile,Unspecified Fishing,2014,0
CHL,Chile,Unspecified Fishing,2015,0
CHL,Chile,Unspecified Fishing,2016,0
CHL,Chile,Aquaculture,2007,19621
CHL,Chile,Aquaculture,2008,17160
CHL,Chile,Aquaculture,2009,14723
CHL,Chile,Aquaculture,2010,14116
CHL,Chile,Aquaculture,2011,12591
CHL,Chile,Aquaculture,2012,29408
CHL,Chile,Aquaculture,2013,21248
CHL,Chile,Aquaculture,2014,25119
CHL,Chile,Aquaculture,2015,18341
CHL,Chile,Aquaculture,2016,12086
CHL,Chile,Processing,2007,40740
CHL,Chile,Processing,2008,41162
CHL,Chile,Processing,2009,39983
CHL,Chile,Processing,2010,30359
CHL,Chile,Processing,2011,33980
CHL,Chile,Processing,2012,34712
CHL,Chile,Processing,2013,46871
CHL,Chile,Processing,2014,46324
CHL,Chile,Processing,2015,46929
CHL,Chile,Processing,2016,45678
CHN,China (People's Republic of),Fishing Sector,2005,1774149
CHN,China (People's Republic of),Fishing Sector,2006,1747250
CHN,China (People's Republic of),Fishing Sector,2007,1784119
CHN,China (People's Republic of),Fishing Sector,2008,1820156
CHN,China (People's Republic of),Fishing Sector,2009,1811648
CHN,China (People's Republic of),Fishing Sector,2010,1786894
CHN,China (People's Republic of),Fishing Sector,2011,1776905
CHN,China (People's Republic of),Fishing Sector,2012,1797431
CHN,China (People's Republic of),Fishing Sector,2013,1802272
CHN,China (People's Republic of),Fishing Sector,2014,1817334
CHN,China (People's Republic of),Fishing Sector,2015,1753618
CHN,China (People's Republic of),Unspecified Fishing,2005,1774149
CHN,China (People's Republic of),Unspecified Fishing,2006,1747250
CHN,China (People's Republic of),Unspecified Fishing,2007,1784119
CHN,China (People's Republic of),Unspecified Fishing,2008,1820156
CHN,China (People's Republic of),Unspecified Fishing,2009,1811648
CHN,China (People's Republic of),Unspecified Fishing,2010,1786894
CHN,China (People's Republic of),Unspecified Fishing,2011,1776905
CHN,China (People's Republic of),Unspecified Fishing,2012,1797431
CHN,China (People's Republic of),Unspecified Fishing,2013,1802272
CHN,China (People's Republic of),Unspecified Fishing,2014,1817334
CHN,China (People's Republic of),Unspecified Fishing,2015,1753618
CHN,China (People's Republic of),Aquaculture,2005,10316307
CHN,China (People's Republic of),Aquaculture,2006,10042494
CHN,China (People's Republic of),Aquaculture,2007,10530165
CHN,China (People's Republic of),Aquaculture,2008,11108458
CHN,China (People's Republic of),Aquaculture,2009,11230576
CHN,China (People's Republic of),Aquaculture,2010,11329992
CHN,China (People's Republic of),Aquaculture,2011,11891153
CHN,China (People's Republic of),Aquaculture,2012,11751279
CHN,China (People's Republic of),Aquaculture,2013,11736168
CHN,China (People's Republic of),Aquaculture,2014,11599961
CHN,China (People's Republic of),Aquaculture,2015,11520849
IDN,Indonesia,Fishing Sector,2005,2590364
IDN,Indonesia,Fishing Sector,2006,2700174
IDN,Indonesia,Fishing Sector,2007,2755794
IDN,Indonesia,Fishing Sector,2008,2736566
IDN,Indonesia,Fishing Sector,2009,2641967
IDN,Indonesia,Fishing Sector,2010,2620277
IDN,Indonesia,Fishing Sector,2011,2755178
IDN,Indonesia,Fishing Sector,2012,2748908
IDN,Indonesia,Fishing Sector,2013,2640095
IDN,Indonesia,Fishing Sector,2014,2739883
IDN,Indonesia,Fishing Sector,2015,2702664
IDN,Indonesia,Inland Waters Fishing,2005,532378
IDN,Indonesia,Inland Waters Fishing,2006,496762
IDN,Indonesia,Inland Waters Fishing,2007,523827
IDN,Indonesia,Inland Waters Fishing,2008,496499
IDN,Indonesia,Inland Waters Fishing,2009,472688
IDN,Indonesia,Inland Waters Fishing,2010,457835
IDN,Indonesia,Inland Waters Fishing,2011,489965
IDN,Indonesia,Inland Waters Fishing,2012,470520
IDN,Indonesia,Inland Waters Fishing,2013,475126
IDN,Indonesia,Inland Waters Fishing,2014,529688
IDN,Indonesia,Inland Waters Fishing,2015,427525
IDN,Indonesia,Marine Coastal Fishing,2005,2057986
IDN,Indonesia,Marine Coastal Fishing,2006,2203412
IDN,Indonesia,Marine Coastal Fishing,2007,2231967
IDN,Indonesia,Marine Coastal Fishing,2008,2240067
IDN,Indonesia,Marine Coastal Fishing,2009,2169279
IDN,Indonesia,Marine Coastal Fishing,2010,2162442
IDN,Indonesia,Marine Coastal Fishing,2011,2265213
IDN,Indonesia,Marine Coastal Fishing,2012,2278388
IDN,Indonesia,Marine Coastal Fishing,2013,2164969
IDN,Indonesia,Marine Coastal Fishing,2014,2210195
IDN,Indonesia,Marine Coastal Fishing,2015,2275139
IDN,Indonesia,Aquaculture,2005,2530050
IDN,Indonesia,Aquaculture,2006,2275307
IDN,Indonesia,Aquaculture,2007,2344183
IDN,Indonesia,Aquaculture,2008,2759417
IDN,Indonesia,Aquaculture,2009,2493193
IDN,Indonesia,Aquaculture,2010,3162247
IDN,Indonesia,Aquaculture,2011,3343934
IDN,Indonesia,Aquaculture,2012,4527838
IDN,Indonesia,Aquaculture,2013,3833562
IDN,Indonesia,Aquaculture,2014,3810758
IDN,Indonesia,Aquaculture,2015,3740528
IDN,Indonesia,Aquaculture,2016,3991954
IDN,Indonesia,Processing,2014,346253
IDN,Indonesia,Processing,2015,362741
TWN,Chinese Taipei,Fishing Sector,2005,246580
TWN,Chinese Taipei,Fishing Sector,2006,242313
TWN,Chinese Taipei,Fishing Sector,2007,243835
TWN,Chinese Taipei,Fishing Sector,2008,254500
TWN,Chinese Taipei,Fishing Sector,2009,242233
TWN,Chinese Taipei,Fishing Sector,2010,243739
TWN,Chinese Taipei,Fishing Sector,2011,248106
TWN,Chinese Taipei,Fishing Sector,2012,237560
TWN,Chinese Taipei,Fishing Sector,2013,236253
TWN,Chinese Taipei,Fishing Sector,2014,236347
TWN,Chinese Taipei,Fishing Sector,2015,237368
TWN,Chinese Taipei,Fishing Sector,2016,235250
TWN,Chinese Taipei,Fishing Sector,2017,235830
TWN,Chinese Taipei,Inland Waters Fishing,2005,8154
TWN,Chinese Taipei,Inland Waters Fishing,2006,5675
TWN,Chinese Taipei,Inland Waters Fishing,2007,7472
TWN,Chinese Taipei,Inland Waters Fishing,2008,6199
TWN,Chinese Taipei,Inland Waters Fishing,2009,7185
TWN,Chinese Taipei,Inland Waters Fishing,2010,7631
TWN,Chinese Taipei,Inland Waters Fishing,2011,10733
TWN,Chinese Taipei,Inland Waters Fishing,2012,10352
TWN,Chinese Taipei,Inland Waters Fishing,2013,7205
TWN,Chinese Taipei,Inland Waters Fishing,2014,7479
TWN,Chinese Taipei,Inland Waters Fishing,2015,7575
TWN,Chinese Taipei,Inland Waters Fishing,2016,7075
TWN,Chinese Taipei,Inland Waters Fishing,2017,7419
TWN,Chinese Taipei,Marine Coastal Fishing,2005,221269
TWN,Chinese Taipei,Marine Coastal Fishing,2006,219381
TWN,Chinese Taipei,Marine Coastal Fishing,2007,218957
TWN,Chinese Taipei,Marine Coastal Fishing,2008,230902
TWN,Chinese Taipei,Marine Coastal Fishing,2009,218755
TWN,Chinese Taipei,Marine Coastal Fishing,2010,220185
TWN,Chinese Taipei,Marine Coastal Fishing,2011,222020
TWN,Chinese Taipei,Marine Coastal Fishing,2012,211368
TWN,Chinese Taipei,Marine Coastal Fishing,2013,213322
TWN,Chinese Taipei,Marine Coastal Fishing,2014,213044
TWN,Chinese Taipei,Marine Coastal Fishing,2015,213664
TWN,Chinese Taipei,Marine Coastal Fishing,2016,212894
TWN,Chinese Taipei,Marine Coastal Fishing,2017,213129
TWN,Chinese Taipei,Marine Deep-Sea Fishing,2005,17157
TWN,Chinese Taipei,Marine Deep-Sea Fishing,2006,17257
TWN,Chinese Taipei,Marine Deep-Sea Fishing,2007,17406
TWN,Chinese Taipei,Marine Deep-Sea Fishing,2008,17399
TWN,Chinese Taipei,Marine Deep-Sea Fishing,2009,16293
TWN,Chinese Taipei,Marine Deep-Sea Fishing,2010,15923
TWN,Chinese Taipei,Marine Deep-Sea Fishing,2011,15353
TWN,Chinese Taipei,Marine Deep-Sea Fishing,2012,15840
TWN,Chinese Taipei,Marine Deep-Sea Fishing,2013,15726
TWN,Chinese Taipei,Marine Deep-Sea Fishing,2014,15824
TWN,Chinese Taipei,Marine Deep-Sea Fishing,2015,16129
TWN,Chinese Taipei,Marine Deep-Sea Fishing,2016,15281
TWN,Chinese Taipei,Marine Deep-Sea Fishing,2017,15282
TWN,Chinese Taipei,Aquaculture,2005,105476
TWN,Chinese Taipei,Aquaculture,2006,106827
TWN,Chinese Taipei,Aquaculture,2007,99080
TWN,Chinese Taipei,Aquaculture,2008,93434
TWN,Chinese Taipei,Aquaculture,2009,83500
TWN,Chinese Taipei,Aquaculture,2010,83511
TWN,Chinese Taipei,Aquaculture,2011,84567
TWN,Chinese Taipei,Aquaculture,2012,87660
TWN,Chinese Taipei,Aquaculture,2013,89169
TWN,Chinese Taipei,Aquaculture,2014,87324
TWN,Chinese Taipei,Aquaculture,2015,88318
TWN,Chinese Taipei,Aquaculture,2016,86519
TWN,Chinese Taipei,Aquaculture,2017,90110
THA,Thailand,Fishing Sector,2007,15809
THA,Thailand,Fishing Sector,2008,9836
THA,Thailand,Fishing Sector,2009,56578
THA,Thailand,Fishing Sector,2010,28918
THA,Thailand,Fishing Sector,2011,41128
THA,Thailand,Fishing Sector,2012,4508
THA,Thailand,Fishing Sector,2013,12624
THA,Thailand,Fishing Sector,2014,60285
THA,Thailand,Fishing Sector,2015,99246
THA,Thailand,Fishing Sector,2016,28008
THA,Thailand,Unspecified Fishing,2007,15809
THA,Thailand,Unspecified Fishing,2008,9836
THA,Thailand,Unspecified Fishing,2009,56578
THA,Thailand,Unspecified Fishing,2010,28918
THA,Thailand,Unspecified Fishing,2011,41128
THA,Thailand,Unspecified Fishing,2012,4508
THA,Thailand,Unspecified Fishing,2013,12624
THA,Thailand,Unspecified Fishing,2014,60285
THA,Thailand,Unspecified Fishing,2015,99246
THA,Thailand,Unspecified Fishing,2016,28008
THA,Thailand,Processing,2007,68290
THA,Thailand,Processing,2008,58890
THA,Thailand,Processing,2009,136973
THA,Thailand,Processing,2010,101849
THA,Thailand,Processing,2011,106851
THA,Thailand,Processing,2012,4849
THA,Thailand,Processing,2014,51075
THA,Thailand,Processing,2015,128984
THA,Thailand,Processing,2016,271468
ISL,Iceland,Unspecified Fishing,2005,5000
ISL,Iceland,Unspecified Fishing,2006,4500
ISL,Iceland,Unspecified Fishing,2007,4400
ISL,Iceland,Unspecified Fishing,2008,4400
ISL,Iceland,Unspecified Fishing,2009,4700
ISL,Iceland,Unspecified Fishing,2010,5300
ISL,Iceland,Unspecified Fishing,2011,5300
ISL,Iceland,Unspecified Fishing,2012,5000
ISL,Iceland,Unspecified Fishing,2013,3800
ISL,Iceland,Unspecified Fishing,2014,4400
ISL,Iceland,Unspecified Fishing,2015,4000
ISL,Iceland,Unspecified Fishing,2016,4434
ISL,Iceland,Unspecified Fishing,2017,4323
PRT,Portugal,Aquaculture,2010,2320
PRT,Portugal,Aquaculture,2011,2300
PRT,Portugal,Aquaculture,2012,2431
PRT,Portugal,Aquaculture,2013,2454
PRT,Portugal,Aquaculture,2014,2359
ARG,Argentina,Marine Coastal Fishing,2005,16561
ARG,Argentina,Marine Coastal Fishing,2006,18065
ARG,Argentina,Marine Coastal Fishing,2007,17917
ARG,Argentina,Marine Coastal Fishing,2008,16894
ARG,Argentina,Marine Coastal Fishing,2009,15673
ARG,Argentina,Marine Coastal Fishing,2010,14756
ARG,Argentina,Marine Coastal Fishing,2011,15269
ARG,Argentina,Marine Coastal Fishing,2012,14220
ARG,Argentina,Marine Coastal Fishing,2013,13884
ARG,Argentina,Marine Coastal Fishing,2014,13929
ARG,Argentina,Marine Coastal Fishing,2015,13866
ARG,Argentina,Marine Coastal Fishing,2016,12791
ARG,Argentina,Marine Coastal Fishing,2017,12979
GBR,United Kingdom,Unspecified Fishing,2016,11757
GBR,United Kingdom,Unspecified Fishing,2017,11692
PRT,Portugal,Processing,2010,7376
PRT,Portugal,Processing,2011,7447
PRT,Portugal,Processing,2012,7167
PRT,Portugal,Processing,2013,6726
PRT,Portugal,Processing,2014,7068
PRT,Portugal,Processing,2015,7148
