Species_Code,Species,Country,Country_Code,YEAR,Sum of Value
1,Freshwater,Australia,AUS,2008,1359
1,Freshwater,Australia,AUS,2009,1389
1,Freshwater,Australia,AUS,2010,1417
1,Freshwater,Australia,AUS,2011,1121
1,Freshwater,Australia,AUS,2012,1142
1,Freshwater,Australia,AUS,2013,1125
1,Freshwater,Australia,AUS,2014,1235
1,Freshwater,Australia,AUS,2015,1053
1,Freshwater,Australia,AUS,2016,994.84
1,Freshwater,Australia,AUS,2017,1161
1,Freshwater,Chinese Taipei,TWN,2008,0
1,Freshwater,Chinese Taipei,TWN,2009,25.4504
1,Freshwater,Chinese Taipei,TWN,2010,0
1,Freshwater,Chinese Taipei,TWN,2011,0
1,Freshwater,Chinese Taipei,TWN,2012,0.3643
1,Freshwater,Chinese Taipei,TWN,2013,69.0861
1,Freshwater,Chinese Taipei,TWN,2014,3.81576
1,Freshwater,Chinese Taipei,TWN,2015,0.4527
1,Freshwater,Chinese Taipei,TWN,2016,6.9831
1,Freshwater,Chinese Taipei,TWN,2017,0
1,Freshwater,Denmark,DNK,2008,45.7
1,Freshwater,Denmark,DNK,2009,45
1,Freshwater,Denmark,DNK,2010,40.1
1,Freshwater,Denmark,DNK,2011,74.1
1,Freshwater,Denmark,DNK,2012,78.4
1,Freshwater,Denmark,DNK,2013,107.8
1,Freshwater,Denmark,DNK,2014,96.7
1,Freshwater,Denmark,DNK,2015,64
1,Freshwater,Denmark,DNK,2016,49.2
1,Freshwater,Denmark,DNK,2017,53.1
1,Freshwater,France,FRA,2008,0.4
1,Freshwater,France,FRA,2009,6.3
1,Freshwater,France,FRA,2010,93.6
1,Freshwater,France,FRA,2011,16.3
1,Freshwater,France,FRA,2012,11.4
1,Freshwater,France,FRA,2013,13.5
1,Freshwater,France,FRA,2014,10.8
1,Freshwater,France,FRA,2015,8.5
1,Freshwater,France,FRA,2016,11.9
1,Freshwater,France,FRA,2017,8.2
1,Freshwater,Mexico,MEX,2008,75611.5599
1,Freshwater,Mexico,MEX,2009,75110.0548
1,Freshwater,Mexico,MEX,2010,77748.61859
1,Freshwater,Mexico,MEX,2011,63009.69373
1,Freshwater,Mexico,MEX,2012,56551.5851
1,Freshwater,Mexico,MEX,2013,83715.14623
1,Freshwater,Mexico,MEX,2014,94128.49789
1,Freshwater,Mexico,MEX,2015,107701.7411
1,Freshwater,Mexico,MEX,2016,153716.3744
1,Freshwater,Mexico,MEX,2017,132685.4012
1,Freshwater,Netherlands,NLD,2008,1.247
1,Freshwater,Netherlands,NLD,2009,3.287
1,Freshwater,Netherlands,NLD,2010,8.61
1,Freshwater,Netherlands,NLD,2011,311.03
1,Freshwater,Netherlands,NLD,2012,9.267
1,Freshwater,Netherlands,NLD,2013,22.051
1,Freshwater,Netherlands,NLD,2014,2.329
1,Freshwater,Netherlands,NLD,2015,7.131
1,Freshwater,Netherlands,NLD,2016,6.498
1,Freshwater,Netherlands,NLD,2017,34.838
1,Freshwater,Norway,NOR,2008,0.7714
1,Freshwater,Norway,NOR,2009,0.0722
1,Freshwater,Norway,NOR,2010,0.0442
1,Freshwater,Norway,NOR,2011,0.7098
1,Freshwater,Norway,NOR,2012,0.0064
1,Freshwater,Norway,NOR,2013,0.0814
1,Freshwater,Norway,NOR,2014,0.069
1,Freshwater,Norway,NOR,2015,0.039
1,Freshwater,Norway,NOR,2016,0.0065
1,Freshwater,Norway,NOR,2017,0.1695
1,Freshwater,Peru,PER,2008,4447.723083
1,Freshwater,Peru,PER,2009,8722.330097
1,Freshwater,Peru,PER,2010,4838.035775
1,Freshwater,Peru,PER,2011,10219.92194
1,Freshwater,Peru,PER,2012,7728.85468
1,Freshwater,Peru,PER,2013,51060.59529
1,Freshwater,Peru,PER,2014,14448.7949
1,Freshwater,Peru,PER,2015,5120.699766
1,Freshwater,Peru,PER,2016,7985.916651
1,Freshwater,Spain,ESP,2008,0
1,Freshwater,Spain,ESP,2016,0.11
1,Freshwater,Sweden,SWE,2008,158.3866
1,Freshwater,Sweden,SWE,2009,139.0595
1,Freshwater,Sweden,SWE,2010,116.0114
1,Freshwater,Sweden,SWE,2011,133.7861
1,Freshwater,Sweden,SWE,2012,143.2027
1,Freshwater,Sweden,SWE,2013,156.0875
1,Freshwater,Sweden,SWE,2014,177.8104
1,Freshwater,Sweden,SWE,2015,197.5897
1,Freshwater,Sweden,SWE,2016,185.3803
1,Freshwater,Sweden,SWE,2017,149.152
1,Freshwater,United States,USA,2008,8543
1,Freshwater,United States,USA,2009,7914
1,Freshwater,United States,USA,2010,8392
1,Freshwater,United States,USA,2011,8721
1,Freshwater,United States,USA,2012,9182
1,Freshwater,United States,USA,2013,8954
1,Freshwater,United States,USA,2014,9619
1,Freshwater,United States,USA,2015,10776
1,Freshwater,United States,USA,2016,10648
1,Freshwater,United States,USA,2017,6001
2,Diadromous,Australia,AUS,2008,1621.87
2,Diadromous,Australia,AUS,2009,1745.347
2,Diadromous,Australia,AUS,2010,1658.15
2,Diadromous,Australia,AUS,2011,2070.84786
2,Diadromous,Australia,AUS,2012,2260.63
2,Diadromous,Australia,AUS,2013,1595.52
2,Diadromous,Australia,AUS,2014,1235.87
2,Diadromous,Australia,AUS,2015,1074.05
2,Diadromous,Australia,AUS,2016,1029.17
2,Diadromous,Australia,AUS,2017,1210.02
2,Diadromous,Canada,CAN,2008,10121.8865
2,Diadromous,Canada,CAN,2009,22955.0175
2,Diadromous,Canada,CAN,2010,27232.632
2,Diadromous,Canada,CAN,2011,23646.774
2,Diadromous,Canada,CAN,2012,11569.52
2,Diadromous,Canada,CAN,2013,19724.86
2,Diadromous,Canada,CAN,2014,37470.18469
2,Diadromous,Canada,CAN,2015,22619.97729
2,Diadromous,Canada,CAN,2016,25885.70003
2,Diadromous,Chinese Taipei,TWN,2008,63.639
2,Diadromous,Chinese Taipei,TWN,2009,83.9584
2,Diadromous,Chinese Taipei,TWN,2010,105.007
2,Diadromous,Chinese Taipei,TWN,2011,79.0571
2,Diadromous,Chinese Taipei,TWN,2012,98.87098
2,Diadromous,Chinese Taipei,TWN,2013,73.7322
2,Diadromous,Chinese Taipei,TWN,2014,24.59872
2,Diadromous,Chinese Taipei,TWN,2015,31.54123
2,Diadromous,Chinese Taipei,TWN,2016,41.15462
2,Diadromous,Chinese Taipei,TWN,2017,27.03804
2,Diadromous,Denmark,DNK,2008,558.1
2,Diadromous,Denmark,DNK,2009,656.1
2,Diadromous,Denmark,DNK,2010,613.6
2,Diadromous,Denmark,DNK,2011,512.8
2,Diadromous,Denmark,DNK,2012,902.4
2,Diadromous,Denmark,DNK,2013,617.3
2,Diadromous,Denmark,DNK,2014,488.9
2,Diadromous,Denmark,DNK,2015,382
2,Diadromous,Denmark,DNK,2016,364.1
2,Diadromous,Denmark,DNK,2017,286.6
2,Diadromous,France,FRA,2008,155.2
2,Diadromous,France,FRA,2009,441.4
2,Diadromous,France,FRA,2010,453.5
2,Diadromous,France,FRA,2011,559.8
2,Diadromous,France,FRA,2012,694.6
2,Diadromous,France,FRA,2013,560
2,Diadromous,France,FRA,2014,512
2,Diadromous,France,FRA,2015,400.6
2,Diadromous,France,FRA,2016,421.6
2,Diadromous,France,FRA,2017,429.8
2,Diadromous,Iceland,ISL,2012,0.1
2,Diadromous,Iceland,ISL,2013,0
2,Diadromous,Iceland,ISL,2014,0.34
2,Diadromous,Iceland,ISL,2015,0.108
2,Diadromous,Iceland,ISL,2016,0.029
2,Diadromous,Iceland,ISL,2017,0
2,Diadromous,Italy,ITA,2013,9.22436
2,Diadromous,Italy,ITA,2014,32.99797
2,Diadromous,Italy,ITA,2015,36.28303
2,Diadromous,Italy,ITA,2016,88.9809
2,Diadromous,Italy,ITA,2017,97.80743
2,Diadromous,Japan,JPN,2008,187759
2,Diadromous,Japan,JPN,2009,230941
2,Diadromous,Japan,JPN,2010,186115
2,Diadromous,Japan,JPN,2011,154458
2,Diadromous,Japan,JPN,2012,140664
2,Diadromous,Japan,JPN,2013,176406
2,Diadromous,Japan,JPN,2014,156559
2,Diadromous,Japan,JPN,2015,144019
2,Diadromous,Japan,JPN,2016,116132
2,Diadromous,Japan,JPN,2017,77200
2,Diadromous,Korea,KOR,2008,7963
2,Diadromous,Korea,KOR,2009,7694
2,Diadromous,Korea,KOR,2010,13681.263
2,Diadromous,Korea,KOR,2011,9040
2,Diadromous,Korea,KOR,2012,12878
2,Diadromous,Korea,KOR,2013,11281
2,Diadromous,Korea,KOR,2014,11962
2,Diadromous,Korea,KOR,2015,9115
2,Diadromous,Korea,KOR,2016,5839
2,Diadromous,Korea,KOR,2017,13959
2,Diadromous,Mexico,MEX,2008,1958.074599
2,Diadromous,Mexico,MEX,2009,1902.630177
2,Diadromous,Mexico,MEX,2010,2286.99014
2,Diadromous,Mexico,MEX,2011,2002.3785
2,Diadromous,Mexico,MEX,2012,2749.8731
2,Diadromous,Mexico,MEX,2013,3083.822433
2,Diadromous,Mexico,MEX,2014,3421.182451
2,Diadromous,Mexico,MEX,2015,3124.53061
2,Diadromous,Mexico,MEX,2016,2452.466
2,Diadromous,Mexico,MEX,2017,2456.066
2,Diadromous,Netherlands,NLD,2008,198.811
2,Diadromous,Netherlands,NLD,2009,372.152
2,Diadromous,Netherlands,NLD,2010,415.014
2,Diadromous,Netherlands,NLD,2011,115.223
2,Diadromous,Netherlands,NLD,2012,219.691
2,Diadromous,Netherlands,NLD,2013,171.858
2,Diadromous,Netherlands,NLD,2014,69.29
2,Diadromous,Netherlands,NLD,2015,16.793
2,Diadromous,Netherlands,NLD,2016,128.999
2,Diadromous,Netherlands,NLD,2017,394.157
2,Diadromous,Norway,NOR,2008,605.6426
2,Diadromous,Norway,NOR,2009,363.9026
2,Diadromous,Norway,NOR,2010,303.6968
2,Diadromous,Norway,NOR,2011,318.4326
2,Diadromous,Norway,NOR,2012,265.1898
2,Diadromous,Norway,NOR,2013,197.6523
2,Diadromous,Norway,NOR,2014,219.3487
2,Diadromous,Norway,NOR,2015,4.4111
2,Diadromous,Norway,NOR,2016,9.9799
2,Diadromous,Norway,NOR,2017,20.4241
2,Diadromous,Portugal,PRT,2008,1.67377
2,Diadromous,Portugal,PRT,2009,3.71434
2,Diadromous,Portugal,PRT,2010,3.56513
2,Diadromous,Portugal,PRT,2011,7.9
2,Diadromous,Portugal,PRT,2012,0.6
2,Diadromous,Portugal,PRT,2013,0.8
2,Diadromous,Portugal,PRT,2014,0.5
2,Diadromous,Portugal,PRT,2015,0.7
2,Diadromous,Portugal,PRT,2016,0.5
2,Diadromous,Portugal,PRT,2017,0.3
2,Diadromous,Spain,ESP,2008,267
2,Diadromous,Spain,ESP,2009,268.8
2,Diadromous,Spain,ESP,2010,296.8
2,Diadromous,Spain,ESP,2011,243.88
2,Diadromous,Spain,ESP,2012,240.49
2,Diadromous,Spain,ESP,2013,336.75
2,Diadromous,Spain,ESP,2014,355.7
2,Diadromous,Spain,ESP,2015,270.55
2,Diadromous,Spain,ESP,2016,327.9
2,Diadromous,Spain,ESP,2017,247.11
2,Diadromous,Sweden,SWE,2008,1623.3753
2,Diadromous,Sweden,SWE,2009,1902.2718
2,Diadromous,Sweden,SWE,2010,1901.9675
2,Diadromous,Sweden,SWE,2011,2151.5088
2,Diadromous,Sweden,SWE,2012,2012.753
2,Diadromous,Sweden,SWE,2013,2116.9087
2,Diadromous,Sweden,SWE,2014,2396.3561
2,Diadromous,Sweden,SWE,2015,2480.4228
2,Diadromous,Sweden,SWE,2016,2292.556
2,Diadromous,Sweden,SWE,2017,1527.3543
2,Diadromous,Thailand,THA,2008,54
2,Diadromous,Thailand,THA,2009,78
2,Diadromous,Thailand,THA,2010,31
2,Diadromous,Thailand,THA,2011,47
2,Diadromous,Thailand,THA,2012,75
2,Diadromous,Thailand,THA,2013,107
2,Diadromous,Thailand,THA,2014,208
2,Diadromous,Turkey,TUR,2008,2289
2,Diadromous,Turkey,TUR,2009,3070
2,Diadromous,Turkey,TUR,2010,2574
2,Diadromous,Turkey,TUR,2011,2581.5
2,Diadromous,Turkey,TUR,2012,1699.3
2,Diadromous,Turkey,TUR,2013,1541
2,Diadromous,Turkey,TUR,2014,2094.4
2,Diadromous,Turkey,TUR,2015,2034.7
2,Diadromous,Turkey,TUR,2016,1642
2,Diadromous,Turkey,TUR,2017,1576.2
2,Diadromous,United Kingdom,GBR,2008,13.1422
2,Diadromous,United Kingdom,GBR,2009,24.1827
2,Diadromous,United Kingdom,GBR,2010,7.8262
2,Diadromous,United Kingdom,GBR,2011,16.0072
2,Diadromous,United Kingdom,GBR,2012,12.1777
2,Diadromous,United Kingdom,GBR,2013,12.3099
2,Diadromous,United Kingdom,GBR,2014,8.669
2,Diadromous,United Kingdom,GBR,2015,3.4842
2,Diadromous,United Kingdom,GBR,2016,7.5766
2,Diadromous,United Kingdom,GBR,2017,7.7461
2,Diadromous,United States,USA,2008,311920
2,Diadromous,United States,USA,2009,333138
2,Diadromous,United States,USA,2010,370862
2,Diadromous,United States,USA,2011,367028
2,Diadromous,United States,USA,2012,302194
2,Diadromous,United States,USA,2013,497868
2,Diadromous,United States,USA,2014,338910
2,Diadromous,United States,USA,2015,494656
2,Diadromous,United States,USA,2016,264864
2,Diadromous,United States,USA,2017,466449
3,Marine,Argentina,ARG,2008,619668.7
3,Marine,Argentina,ARG,2009,636999.6
3,Marine,Argentina,ARG,2010,596338.9
3,Marine,Argentina,ARG,2011,562569.4
3,Marine,Argentina,ARG,2012,506799.9
3,Marine,Argentina,ARG,2013,519395.8
3,Marine,Argentina,ARG,2014,484869.332
3,Marine,Argentina,ARG,2015,489441.376
3,Marine,Argentina,ARG,2016,454188.691
3,Marine,Argentina,ARG,2017,428718.547
3,Marine,Australia,AUS,2008,119403.13
3,Marine,Australia,AUS,2009,115321.582
3,Marine,Australia,AUS,2010,117493.8
3,Marine,Australia,AUS,2011,107462.4983
3,Marine,Australia,AUS,2012,110589.9
3,Marine,Australia,AUS,2013,106136.59
3,Marine,Australia,AUS,2014,102833.66
3,Marine,Australia,AUS,2015,102726.3
3,Marine,Australia,AUS,2016,124678.66
3,Marine,Australia,AUS,2017,113296.26
3,Marine,Canada,CAN,2008,461977.4227
3,Marine,Canada,CAN,2009,470021.5442
3,Marine,Canada,CAN,2010,441194.311
3,Marine,Canada,CAN,2011,385586.843
3,Marine,Canada,CAN,2012,350488.575
3,Marine,Canada,CAN,2013,360283.886
3,Marine,Canada,CAN,2014,350853.3294
3,Marine,Canada,CAN,2015,334376.5976
3,Marine,Canada,CAN,2016,400533.3482
3,Marine,Chile,CHL,2008,3294422
3,Marine,Chile,CHL,2009,3283245
3,Marine,Chile,CHL,2010,2357063
3,Marine,Chile,CHL,2011,2778578
3,Marine,Chile,CHL,2012,2310995
3,Marine,Chile,CHL,2013,1558153
3,Marine,Chile,CHL,2014,1886467
3,Marine,Chile,CHL,2015,1466770
3,Marine,Chinese Taipei,TWN,2008,743602.49
3,Marine,Chinese Taipei,TWN,2009,705213.5676
3,Marine,Chinese Taipei,TWN,2010,758328.8598
3,Marine,Chinese Taipei,TWN,2011,752019.47
3,Marine,Chinese Taipei,TWN,2012,771995.942
3,Marine,Chinese Taipei,TWN,2013,764560.4549
3,Marine,Chinese Taipei,TWN,2014,825763.9078
3,Marine,Chinese Taipei,TWN,2015,696870.3012
3,Marine,Chinese Taipei,TWN,2016,702914.9881
3,Marine,Chinese Taipei,TWN,2017,641100.8179
3,Marine,Denmark,DNK,2008,638222
3,Marine,Denmark,DNK,2009,721476.6
3,Marine,Denmark,DNK,2010,783424.2
3,Marine,Denmark,DNK,2011,665663.9
3,Marine,Denmark,DNK,2012,449597.4
3,Marine,Denmark,DNK,2013,611698.5
3,Marine,Denmark,DNK,2014,683739.7
3,Marine,Denmark,DNK,2015,796389.7
3,Marine,Denmark,DNK,2016,599995.8
3,Marine,Denmark,DNK,2017,832612.9
3,Marine,France,FRA,2008,204718.6
3,Marine,France,FRA,2009,146379.8
3,Marine,France,FRA,2010,177044.7
3,Marine,France,FRA,2011,210194.92
3,Marine,France,FRA,2012,199362.54
3,Marine,France,FRA,2013,202763.4
3,Marine,France,FRA,2014,201928.46
3,Marine,France,FRA,2015,191447.35
3,Marine,France,FRA,2016,261105.6
3,Marine,France,FRA,2017,256209.85
3,Marine,Iceland,ISL,2012,1322092.565
3,Marine,Iceland,ISL,2013,1342442.851
3,Marine,Iceland,ISL,2014,1067569.922
3,Marine,Iceland,ISL,2015,1303148.99
3,Marine,Iceland,ISL,2016,1065847.861
3,Marine,Iceland,ISL,2017,1147990.739
3,Marine,Italy,ITA,2008,154324.3931
3,Marine,Italy,ITA,2009,171057.3947
3,Marine,Italy,ITA,2010,150275.6599
3,Marine,Italy,ITA,2011,139411.6257
3,Marine,Italy,ITA,2012,132441.118
3,Marine,Italy,ITA,2013,113897.2322
3,Marine,Italy,ITA,2014,119657.352
3,Marine,Italy,ITA,2015,135982.2891
3,Marine,Italy,ITA,2016,132218.0576
3,Marine,Italy,ITA,2017,129240.0993
3,Marine,Japan,JPN,2008,3178777
3,Marine,Japan,JPN,2009,2941995
3,Marine,Japan,JPN,2010,2979210
3,Marine,Japan,JPN,2011,2765298
3,Marine,Japan,JPN,2012,2762858
3,Marine,Japan,JPN,2013,2677628
3,Marine,Japan,JPN,2014,2714842
3,Marine,Japan,JPN,2015,2665883
3,Marine,Japan,JPN,2016,2569955
3,Marine,Japan,JPN,2017,2617400
3,Marine,Korea,KOR,2008,870014.488
3,Marine,Korea,KOR,2009,787808
3,Marine,Korea,KOR,2010,722521.302
3,Marine,Korea,KOR,2011,833563
3,Marine,Korea,KOR,2012,691508
3,Marine,Korea,KOR,2013,683241
3,Marine,Korea,KOR,2014,684560
3,Marine,Korea,KOR,2015,707576
3,Marine,Korea,KOR,2016,607419
3,Marine,Korea,KOR,2017,686159.983
3,Marine,Mexico,MEX,2008,1083916.99
3,Marine,Mexico,MEX,2009,1133087.814
3,Marine,Mexico,MEX,2010,998418.3637
3,Marine,Mexico,MEX,2011,1053995.161
3,Marine,Mexico,MEX,2012,1098239.009
3,Marine,Mexico,MEX,2013,1153179.394
3,Marine,Mexico,MEX,2014,1070745.953
3,Marine,Mexico,MEX,2015,989243.7864
3,Marine,Mexico,MEX,2016,973702.493
3,Marine,Mexico,MEX,2017,1141838.184
3,Marine,Netherlands,NLD,2008,395603.221
3,Marine,Netherlands,NLD,2009,331585.076
3,Marine,Netherlands,NLD,2010,363998.236
3,Marine,Netherlands,NLD,2011,329700.437
3,Marine,Netherlands,NLD,2012,323138.092
3,Marine,Netherlands,NLD,2013,319097.051
3,Marine,Netherlands,NLD,2014,351143.981
3,Marine,Netherlands,NLD,2015,302848.501
3,Marine,Netherlands,NLD,2016,338093.444
3,Marine,Netherlands,NLD,2017,411295.942
3,Marine,New Zealand,NZL,2008,371837.984
3,Marine,New Zealand,NZL,2009,375420.969
3,Marine,New Zealand,NZL,2010,385307.058
3,Marine,New Zealand,NZL,2011,381333.312
3,Marine,New Zealand,NZL,2012,390074.297
3,Marine,New Zealand,NZL,2013,400037.586
3,Marine,New Zealand,NZL,2014,408429.833
3,Marine,New Zealand,NZL,2015,409873.635
3,Marine,New Zealand,NZL,2016,365624.804
3,Marine,New Zealand,NZL,2017,390454.104
3,Marine,Norway,NOR,2008,2167564.202
3,Marine,Norway,NOR,2009,2276113.947
3,Marine,Norway,NOR,2010,2341878.055
3,Marine,Norway,NOR,2011,1946775.768
3,Marine,Norway,NOR,2012,1827397.862
3,Marine,Norway,NOR,2013,1733770.174
3,Marine,Norway,NOR,2014,1918751.046
3,Marine,Norway,NOR,2015,1950976.964
3,Marine,Norway,NOR,2016,1675408.409
3,Marine,Norway,NOR,2017,2021962.042
3,Marine,Peru,PER,2008,6740157.365
3,Marine,Peru,PER,2009,6368237.301
3,Marine,Peru,PER,2010,3730331.738
3,Marine,Peru,PER,2011,7639601.432
3,Marine,Peru,PER,2012,4171628.223
3,Marine,Peru,PER,2013,5266811.872
3,Marine,Peru,PER,2014,2797334.287
3,Marine,Peru,PER,2015,4187477.604
3,Marine,Peru,PER,2016,3369886.45
3,Marine,Portugal,PRT,2008,178063.3294
3,Marine,Portugal,PRT,2009,157990.195
3,Marine,Portugal,PRT,2010,195613.0655
3,Marine,Portugal,PRT,2011,215173.8
3,Marine,Portugal,PRT,2012,189707.1
3,Marine,Portugal,PRT,2013,185521.172
3,Marine,Portugal,PRT,2014,153186.1
3,Marine,Portugal,PRT,2015,166821.7
3,Marine,Portugal,PRT,2016,166972.465
3,Marine,Portugal,PRT,2017,156826.5
3,Marine,Spain,ESP,2008,825242
3,Marine,Spain,ESP,2009,635238.3
3,Marine,Spain,ESP,2010,695389.8
3,Marine,Spain,ESP,2011,658166.74
3,Marine,Spain,ESP,2012,662761.44
3,Marine,Spain,ESP,2013,793157.54
3,Marine,Spain,ESP,2014,995661.7
3,Marine,Spain,ESP,2015,772232.77
3,Marine,Spain,ESP,2016,746483.72
3,Marine,Spain,ESP,2017,790221.28
3,Marine,Sweden,SWE,2008,216878.8361
3,Marine,Sweden,SWE,2009,194953.7806
3,Marine,Sweden,SWE,2010,200076.8485
3,Marine,Sweden,SWE,2011,172770.3663
3,Marine,Sweden,SWE,2012,145003.6352
3,Marine,Sweden,SWE,2013,173318.6036
3,Marine,Sweden,SWE,2014,166935.71
3,Marine,Sweden,SWE,2015,197233.6349
3,Marine,Sweden,SWE,2016,191965.6197
3,Marine,Sweden,SWE,2017,216867.2733
3,Marine,Thailand,THA,2008,1276899
3,Marine,Thailand,THA,2009,1326201
3,Marine,Thailand,THA,2010,1324728
3,Marine,Thailand,THA,2011,1273627
3,Marine,Thailand,THA,2012,1238219
3,Marine,Thailand,THA,2013,1277068
3,Marine,Thailand,THA,2014,1234963
3,Marine,Turkey,TUR,2008,393371
3,Marine,Turkey,TUR,2009,377566
3,Marine,Turkey,TUR,2010,397082
3,Marine,Turkey,TUR,2011,429664.5
3,Marine,Turkey,TUR,2012,313937.2
3,Marine,Turkey,TUR,2013,293626.9
3,Marine,Turkey,TUR,2014,228963.9
3,Marine,Turkey,TUR,2015,343730.3
3,Marine,Turkey,TUR,2016,262219
3,Marine,Turkey,TUR,2017,268100.2
3,Marine,United Kingdom,GBR,2008,437699.8855
3,Marine,United Kingdom,GBR,2009,446900.0968
3,Marine,United Kingdom,GBR,2010,454631.0399
3,Marine,United Kingdom,GBR,2011,441014.0531
3,Marine,United Kingdom,GBR,2012,463616.67
3,Marine,United Kingdom,GBR,2013,471644.6074
3,Marine,United Kingdom,GBR,2014,606976.4281
3,Marine,United Kingdom,GBR,2015,559351.8131
3,Marine,United Kingdom,GBR,2016,548632.8093
3,Marine,United Kingdom,GBR,2017,578429.6849
3,Marine,United States,USA,2008,3090394
3,Marine,United States,USA,2009,2833316
3,Marine,United States,USA,2010,2882708
3,Marine,United States,USA,2011,3681788
3,Marine,United States,USA,2012,3630968
3,Marine,United States,USA,2013,3580971
3,Marine,United States,USA,2014,3671132
3,Marine,United States,USA,2015,3642630
3,Marine,United States,USA,2016,3757897
3,Marine,United States,USA,2017,3697618
4,Crustaceans,Argentina,ARG,2008,49621.4
4,Crustaceans,Argentina,ARG,2009,54302.4
4,Crustaceans,Argentina,ARG,2010,73924.7
4,Crustaceans,Argentina,ARG,2011,86396.5
4,Crustaceans,Argentina,ARG,2012,84530.1
4,Crustaceans,Argentina,ARG,2013,104807.1
4,Crustaceans,Argentina,ARG,2014,132651.869
4,Crustaceans,Argentina,ARG,2015,147025.028
4,Crustaceans,Argentina,ARG,2016,175442.512
4,Crustaceans,Argentina,ARG,2017,245714.754
4,Crustaceans,Australia,AUS,2008,40217.38
4,Crustaceans,Australia,AUS,2009,37953.926
4,Crustaceans,Australia,AUS,2010,37789.15
4,Crustaceans,Australia,AUS,2011,39287.72394
4,Crustaceans,Australia,AUS,2012,33013.57
4,Crustaceans,Australia,AUS,2013,32995.96
4,Crustaceans,Australia,AUS,2014,37114.36
4,Crustaceans,Australia,AUS,2015,35978.68
4,Crustaceans,Australia,AUS,2016,35114.29
4,Crustaceans,Australia,AUS,2017,36625.81
4,Crustaceans,Canada,CAN,2008,334506.0874
4,Crustaceans,Canada,CAN,2009,306948.1366
4,Crustaceans,Canada,CAN,2010,328693.695
4,Crustaceans,Canada,CAN,2011,312868.005
4,Crustaceans,Canada,CAN,2012,326356.856
4,Crustaceans,Canada,CAN,2013,330270.901
4,Crustaceans,Canada,CAN,2014,329821.021
4,Crustaceans,Canada,CAN,2015,334593.888
4,Crustaceans,Canada,CAN,2016,291469.401
4,Crustaceans,Chile,CHL,2008,24039
4,Crustaceans,Chile,CHL,2009,25290
4,Crustaceans,Chile,CHL,2010,25033
4,Crustaceans,Chile,CHL,2011,31245
4,Crustaceans,Chile,CHL,2012,40589
4,Crustaceans,Chile,CHL,2013,37785
4,Crustaceans,Chile,CHL,2014,39827
4,Crustaceans,Chile,CHL,2015,35829
4,Crustaceans,Chinese Taipei,TWN,2008,18156.99415
4,Crustaceans,Chinese Taipei,TWN,2009,20928.54386
4,Crustaceans,Chinese Taipei,TWN,2010,28793.98207
4,Crustaceans,Chinese Taipei,TWN,2011,30464.85692
4,Crustaceans,Chinese Taipei,TWN,2012,27894.95361
4,Crustaceans,Chinese Taipei,TWN,2013,27905.03974
4,Crustaceans,Chinese Taipei,TWN,2014,28895.01222
4,Crustaceans,Chinese Taipei,TWN,2015,16818.76094
4,Crustaceans,Chinese Taipei,TWN,2016,11215.10016
4,Crustaceans,Chinese Taipei,TWN,2017,10051.1683
4,Crustaceans,Denmark,DNK,2008,14777.2
4,Crustaceans,Denmark,DNK,2009,15989.9
4,Crustaceans,Denmark,DNK,2010,14728.9
4,Crustaceans,Denmark,DNK,2011,14018.6
4,Crustaceans,Denmark,DNK,2012,12057.4
4,Crustaceans,Denmark,DNK,2013,11999
4,Crustaceans,Denmark,DNK,2014,12753.4
4,Crustaceans,Denmark,DNK,2015,10840.8
4,Crustaceans,Denmark,DNK,2016,12146.7
4,Crustaceans,Denmark,DNK,2017,12176.4
4,Crustaceans,France,FRA,2008,13743.4
4,Crustaceans,France,FRA,2009,11769.3
4,Crustaceans,France,FRA,2010,11270.1
4,Crustaceans,France,FRA,2011,19217.62
4,Crustaceans,France,FRA,2012,15374.36
4,Crustaceans,France,FRA,2013,15343.1
4,Crustaceans,France,FRA,2014,16452
4,Crustaceans,France,FRA,2015,14943.6
4,Crustaceans,France,FRA,2016,16075.7
4,Crustaceans,France,FRA,2017,15994.61
4,Crustaceans,Iceland,ISL,2012,12049.2
4,Crustaceans,Iceland,ISL,2013,12710.13
4,Crustaceans,Iceland,ISL,2014,9210.26
4,Crustaceans,Iceland,ISL,2015,7658.4
4,Crustaceans,Iceland,ISL,2016,7893.366
4,Crustaceans,Iceland,ISL,2017,5503
4,Crustaceans,Italy,ITA,2008,22535.69433
4,Crustaceans,Italy,ITA,2009,26065.97921
4,Crustaceans,Italy,ITA,2010,25859.69492
4,Crustaceans,Italy,ITA,2011,24328.884
4,Crustaceans,Italy,ITA,2012,19947.66953
4,Crustaceans,Italy,ITA,2013,20171.88308
4,Crustaceans,Italy,ITA,2014,18698.31336
4,Crustaceans,Italy,ITA,2015,21035.33064
4,Crustaceans,Italy,ITA,2016,20689.66784
4,Crustaceans,Italy,ITA,2017,22650.44112
4,Crustaceans,Japan,JPN,2008,97280
4,Crustaceans,Japan,JPN,2009,82125
4,Crustaceans,Japan,JPN,2010,90789
4,Crustaceans,Japan,JPN,2011,52735
4,Crustaceans,Japan,JPN,2012,64633
4,Crustaceans,Japan,JPN,2013,73046
4,Crustaceans,Japan,JPN,2014,62592
4,Crustaceans,Japan,JPN,2015,71298
4,Crustaceans,Japan,JPN,2016,61575
4,Crustaceans,Japan,JPN,2017,55400
4,Crustaceans,Korea,KOR,2008,87631
4,Crustaceans,Korea,KOR,2009,100126
4,Crustaceans,Korea,KOR,2010,108199
4,Crustaceans,Korea,KOR,2011,101723
4,Crustaceans,Korea,KOR,2012,105232
4,Crustaceans,Korea,KOR,2013,105537
4,Crustaceans,Korea,KOR,2014,102273
4,Crustaceans,Korea,KOR,2015,90002
4,Crustaceans,Korea,KOR,2016,83612
4,Crustaceans,Korea,KOR,2017,76350.871
4,Crustaceans,Mexico,MEX,2008,83446.64249
4,Crustaceans,Mexico,MEX,2009,72825.18445
4,Crustaceans,Mexico,MEX,2010,77348.30134
4,Crustaceans,Mexico,MEX,2011,82831.33576
4,Crustaceans,Mexico,MEX,2012,73901.24032
4,Crustaceans,Mexico,MEX,2013,88107.5354
4,Crustaceans,Mexico,MEX,2014,99675.86164
4,Crustaceans,Mexico,MEX,2015,132371.7226
4,Crustaceans,Mexico,MEX,2016,145064.784
4,Crustaceans,Mexico,MEX,2017,52514.819
4,Crustaceans,Netherlands,NLD,2008,16589.323
4,Crustaceans,Netherlands,NLD,2009,20360.63
4,Crustaceans,Netherlands,NLD,2010,18409.397
4,Crustaceans,Netherlands,NLD,2011,17406.574
4,Crustaceans,Netherlands,NLD,2012,16147.769
4,Crustaceans,Netherlands,NLD,2013,21691.431
4,Crustaceans,Netherlands,NLD,2014,25113.679
4,Crustaceans,Netherlands,NLD,2015,20709.443
4,Crustaceans,Netherlands,NLD,2016,20868.95
4,Crustaceans,Netherlands,NLD,2017,16280.676
4,Crustaceans,New Zealand,NZL,2008,3591.527
4,Crustaceans,New Zealand,NZL,2009,3323.234
4,Crustaceans,New Zealand,NZL,2010,3894.972
4,Crustaceans,New Zealand,NZL,2011,3709.723
4,Crustaceans,New Zealand,NZL,2012,3623.208
4,Crustaceans,New Zealand,NZL,2013,3800.919
4,Crustaceans,New Zealand,NZL,2014,3849.714
4,Crustaceans,New Zealand,NZL,2015,3965.375
4,Crustaceans,New Zealand,NZL,2016,4194.117
4,Crustaceans,New Zealand,NZL,2017,4170.321
4,Crustaceans,Norway,NOR,2008,51062.1934
4,Crustaceans,Norway,NOR,2009,44795.5648
4,Crustaceans,Norway,NOR,2010,47202.242
4,Crustaceans,Norway,NOR,2011,49061.5439
4,Crustaceans,Norway,NOR,2012,39458.552
4,Crustaceans,Norway,NOR,2013,41021.9766
4,Crustaceans,Norway,NOR,2014,49522.4845
4,Crustaceans,Norway,NOR,2015,60307.0031
4,Crustaceans,Norway,NOR,2016,58583.5805
4,Crustaceans,Norway,NOR,2017,50795.797
4,Crustaceans,Peru,PER,2008,17484.13333
4,Crustaceans,Peru,PER,2009,19441.23174
4,Crustaceans,Peru,PER,2010,21935.48136
4,Crustaceans,Peru,PER,2011,31030.81528
4,Crustaceans,Peru,PER,2012,32460.31557
4,Crustaceans,Peru,PER,2013,30028.56609
4,Crustaceans,Peru,PER,2014,34245.94545
4,Crustaceans,Peru,PER,2015,33468.63947
4,Crustaceans,Peru,PER,2016,35892.63628
4,Crustaceans,Portugal,PRT,2008,2844.71175
4,Crustaceans,Portugal,PRT,2009,3903.27752
4,Crustaceans,Portugal,PRT,2010,3134.42646
4,Crustaceans,Portugal,PRT,2011,4129.8
4,Crustaceans,Portugal,PRT,2012,2456.3
4,Crustaceans,Portugal,PRT,2013,1667.8
4,Crustaceans,Portugal,PRT,2014,1539.1
4,Crustaceans,Portugal,PRT,2015,1193.4
4,Crustaceans,Portugal,PRT,2016,1325.2
4,Crustaceans,Portugal,PRT,2017,1365.9
4,Crustaceans,Spain,ESP,2008,15410
4,Crustaceans,Spain,ESP,2009,11651.6
4,Crustaceans,Spain,ESP,2010,9440.3
4,Crustaceans,Spain,ESP,2011,10349.12
4,Crustaceans,Spain,ESP,2012,6834.56
4,Crustaceans,Spain,ESP,2013,8974.23
4,Crustaceans,Spain,ESP,2014,13905.9
4,Crustaceans,Spain,ESP,2015,11212.59
4,Crustaceans,Spain,ESP,2016,10413.63
4,Crustaceans,Spain,ESP,2017,12805.23
4,Crustaceans,Sweden,SWE,2008,4082.1955
4,Crustaceans,Sweden,SWE,2009,3816.8765
4,Crustaceans,Sweden,SWE,2010,3141.1302
4,Crustaceans,Sweden,SWE,2011,2840.1519
4,Crustaceans,Sweden,SWE,2012,3019.9907
4,Crustaceans,Sweden,SWE,2013,2487.2617
4,Crustaceans,Sweden,SWE,2014,2775.6692
4,Crustaceans,Sweden,SWE,2015,2906.5477
4,Crustaceans,Sweden,SWE,2016,3544.5852
4,Crustaceans,Sweden,SWE,2017,3198.7242
4,Crustaceans,Thailand,THA,2008,84504
4,Crustaceans,Thailand,THA,2009,86313
4,Crustaceans,Thailand,THA,2010,86241
4,Crustaceans,Thailand,THA,2011,84617
4,Crustaceans,Thailand,THA,2012,86036
4,Crustaceans,Thailand,THA,2013,72570
4,Crustaceans,Thailand,THA,2014,68678
4,Crustaceans,Turkey,TUR,2008,4763
4,Crustaceans,Turkey,TUR,2009,4775
4,Crustaceans,Turkey,TUR,2010,4806
4,Crustaceans,Turkey,TUR,2011,4844.6
4,Crustaceans,Turkey,TUR,2012,5084.7
4,Crustaceans,Turkey,TUR,2013,4059.7
4,Crustaceans,Turkey,TUR,2014,4425.9
4,Crustaceans,Turkey,TUR,2015,4008.1
4,Crustaceans,Turkey,TUR,2016,4511.6
4,Crustaceans,Turkey,TUR,2017,4748.6
4,Crustaceans,United Kingdom,GBR,2008,74810.0315
4,Crustaceans,United Kingdom,GBR,2009,73937.6449
4,Crustaceans,United Kingdom,GBR,2010,74118.6292
4,Crustaceans,United Kingdom,GBR,2011,69086.1623
4,Crustaceans,United Kingdom,GBR,2012,70526.3889
4,Crustaceans,United Kingdom,GBR,2013,64697.049
4,Crustaceans,United Kingdom,GBR,2014,70705.4677
4,Crustaceans,United Kingdom,GBR,2015,61899.8506
4,Crustaceans,United Kingdom,GBR,2016,71963.9682
4,Crustaceans,United Kingdom,GBR,2017,70787.9111
4,Crustaceans,United States,USA,2008,316207
4,Crustaceans,United States,USA,2009,354957
4,Crustaceans,United States,USA,2010,347090
4,Crustaceans,United States,USA,2011,379755
4,Crustaceans,United States,USA,2012,384851
4,Crustaceans,United States,USA,2013,364745
4,Crustaceans,United States,USA,2014,361475
4,Crustaceans,United States,USA,2015,374691
4,Crustaceans,United States,USA,2016,356843
4,Crustaceans,United States,USA,2017,182770
5,Molluscs,Argentina,ARG,2008,265044.9
5,Molluscs,Argentina,ARG,2009,80630.3
5,Molluscs,Argentina,ARG,2010,93392.7
5,Molluscs,Argentina,ARG,2011,84164
5,Molluscs,Argentina,ARG,2012,100653.5
5,Molluscs,Argentina,ARG,2013,197862.6
5,Molluscs,Argentina,ARG,2014,173630.387
5,Molluscs,Argentina,ARG,2015,131182.104
5,Molluscs,Argentina,ARG,2016,65340.512
5,Molluscs,Argentina,ARG,2017,104781.596
5,Molluscs,Australia,AUS,2008,18763.02
5,Molluscs,Australia,AUS,2009,15812.919
5,Molluscs,Australia,AUS,2010,15019.85
5,Molluscs,Australia,AUS,2011,15103.79823
5,Molluscs,Australia,AUS,2012,12247.84
5,Molluscs,Australia,AUS,2013,15410.23
5,Molluscs,Australia,AUS,2014,11020.43
5,Molluscs,Australia,AUS,2015,11556.23
5,Molluscs,Australia,AUS,2016,12391.52
5,Molluscs,Australia,AUS,2017,13594.39
5,Molluscs,Canada,CAN,2008,102270.623
5,Molluscs,Canada,CAN,2009,105112.0476
5,Molluscs,Canada,CAN,2010,99013.201
5,Molluscs,Canada,CAN,2011,99174.364
5,Molluscs,Canada,CAN,2012,89480.22
5,Molluscs,Canada,CAN,2013,101846.799
5,Molluscs,Canada,CAN,2014,103260.166
5,Molluscs,Canada,CAN,2015,99315.63028
5,Molluscs,Canada,CAN,2016,101841.753
5,Molluscs,Chile,CHL,2008,196275
5,Molluscs,Chile,CHL,2009,105372
5,Molluscs,Chile,CHL,2010,264600
5,Molluscs,Chile,CHL,2011,220562
5,Molluscs,Chile,CHL,2012,190738
5,Molluscs,Chile,CHL,2013,143429
5,Molluscs,Chile,CHL,2014,214888
5,Molluscs,Chile,CHL,2015,184411
5,Molluscs,Chinese Taipei,TWN,2008,247494.1293
5,Molluscs,Chinese Taipei,TWN,2009,76020.46118
5,Molluscs,Chinese Taipei,TWN,2010,66724.42569
5,Molluscs,Chinese Taipei,TWN,2011,111150.504
5,Molluscs,Chinese Taipei,TWN,2012,107828.3769
5,Molluscs,Chinese Taipei,TWN,2013,132399.3798
5,Molluscs,Chinese Taipei,TWN,2014,213542.2354
5,Molluscs,Chinese Taipei,TWN,2015,271703.7134
5,Molluscs,Chinese Taipei,TWN,2016,34140.32304
5,Molluscs,Chinese Taipei,TWN,2017,90477.35659
5,Molluscs,Denmark,DNK,2008,41257.6
5,Molluscs,Denmark,DNK,2009,40749.6
5,Molluscs,Denmark,DNK,2010,29173.9
5,Molluscs,Denmark,DNK,2011,36088.8
5,Molluscs,Denmark,DNK,2012,39985.5
5,Molluscs,Denmark,DNK,2013,43752.9
5,Molluscs,Denmark,DNK,2014,47747.6
5,Molluscs,Denmark,DNK,2015,53568.9
5,Molluscs,Denmark,DNK,2016,49485.2
5,Molluscs,Denmark,DNK,2017,50251.6
5,Molluscs,France,FRA,2008,58052.8
5,Molluscs,France,FRA,2009,36777.1
5,Molluscs,France,FRA,2010,43461
5,Molluscs,France,FRA,2011,81526.8
5,Molluscs,France,FRA,2012,73977.3
5,Molluscs,France,FRA,2013,70842.8
5,Molluscs,France,FRA,2014,64105.2
5,Molluscs,France,FRA,2015,64985.5
5,Molluscs,France,FRA,2016,64256.9
5,Molluscs,France,FRA,2017,69934.4
5,Molluscs,Iceland,ISL,2012,504
5,Molluscs,Iceland,ISL,2013,238
5,Molluscs,Iceland,ISL,2014,497
5,Molluscs,Iceland,ISL,2015,719
5,Molluscs,Iceland,ISL,2016,1220.224
5,Molluscs,Iceland,ISL,2017,1310
5,Molluscs,Italy,ITA,2008,60594.81273
5,Molluscs,Italy,ITA,2009,53669.81107
5,Molluscs,Italy,ITA,2010,50373.70039
5,Molluscs,Italy,ITA,2011,50674.59055
5,Molluscs,Italy,ITA,2012,45337.74611
5,Molluscs,Italy,ITA,2013,38545.90871
5,Molluscs,Italy,ITA,2014,38389.71639
5,Molluscs,Italy,ITA,2015,38620.02485
5,Molluscs,Italy,ITA,2016,39359.46566
5,Molluscs,Italy,ITA,2017,39806.56034
5,Molluscs,Japan,JPN,2008,689892
5,Molluscs,Japan,JPN,2009,694708
5,Molluscs,Japan,JPN,2010,664102
5,Molluscs,Japan,JPN,2011,666607
5,Molluscs,Japan,JPN,2012,593149
5,Molluscs,Japan,JPN,2013,633366
5,Molluscs,Japan,JPN,2014,624187
5,Molluscs,Japan,JPN,2015,448687
5,Molluscs,Japan,JPN,2016,370806
5,Molluscs,Japan,JPN,2017,379500
5,Molluscs,Korea,KOR,2008,297581
5,Molluscs,Korea,KOR,2009,313404
5,Molluscs,Korea,KOR,2010,268157
5,Molluscs,Korea,KOR,2011,269645
5,Molluscs,Korea,KOR,2012,265465
5,Molluscs,Korea,KOR,2013,229059
5,Molluscs,Korea,KOR,2014,245173
5,Molluscs,Korea,KOR,2015,242577
5,Molluscs,Korea,KOR,2016,200455
5,Molluscs,Korea,KOR,2017,180956.2068
5,Molluscs,Mexico,MEX,2008,149154.5611
5,Molluscs,Mexico,MEX,2009,126659.3791
5,Molluscs,Mexico,MEX,2010,155568.8649
5,Molluscs,Mexico,MEX,2011,132064.4023
5,Molluscs,Mexico,MEX,2012,110598.8323
5,Molluscs,Mexico,MEX,2013,116413.1005
5,Molluscs,Mexico,MEX,2014,143494.5917
5,Molluscs,Mexico,MEX,2015,125064.2689
5,Molluscs,Mexico,MEX,2016,115242.612
5,Molluscs,Mexico,MEX,2017,114889.6825
5,Molluscs,Netherlands,NLD,2008,3594.384
5,Molluscs,Netherlands,NLD,2009,3467.112
5,Molluscs,Netherlands,NLD,2010,3918.453
5,Molluscs,Netherlands,NLD,2011,4223.458
5,Molluscs,Netherlands,NLD,2012,4196.847
5,Molluscs,Netherlands,NLD,2013,4102.296
5,Molluscs,Netherlands,NLD,2014,6022.394
5,Molluscs,Netherlands,NLD,2015,6881.635
5,Molluscs,Netherlands,NLD,2016,7696.964
5,Molluscs,Netherlands,NLD,2017,14439.858
5,Molluscs,New Zealand,NZL,2008,60818.99851
5,Molluscs,New Zealand,NZL,2009,51186.17282
5,Molluscs,New Zealand,NZL,2010,37449.86567
5,Molluscs,New Zealand,NZL,2011,41764.36347
5,Molluscs,New Zealand,NZL,2012,39999.66961
5,Molluscs,New Zealand,NZL,2013,29369.00022
5,Molluscs,New Zealand,NZL,2014,19340.96061
5,Molluscs,New Zealand,NZL,2015,20679.3798
5,Molluscs,New Zealand,NZL,2016,47803.5989
5,Molluscs,New Zealand,NZL,2017,23085.62769
5,Molluscs,Norway,NOR,2008,991.4572
5,Molluscs,Norway,NOR,2009,905.2679
5,Molluscs,Norway,NOR,2010,847.481
5,Molluscs,Norway,NOR,2011,771.3482
5,Molluscs,Norway,NOR,2012,766.4434
5,Molluscs,Norway,NOR,2013,827.4289
5,Molluscs,Norway,NOR,2014,829.2126
5,Molluscs,Norway,NOR,2015,690.6148
5,Molluscs,Norway,NOR,2016,1049.4628
5,Molluscs,Norway,NOR,2017,1110.5394
5,Molluscs,Peru,PER,2008,584571.0629
5,Molluscs,Peru,PER,2009,470286.8844
5,Molluscs,Peru,PER,2010,457098.7876
5,Molluscs,Peru,PER,2011,519755.7851
5,Molluscs,Peru,PER,2012,581897.967
5,Molluscs,Peru,PER,2013,574801.1735
5,Molluscs,Peru,PER,2014,647638.5519
5,Molluscs,Peru,PER,2015,587534.1456
5,Molluscs,Peru,PER,2016,378274.5802
5,Molluscs,Portugal,PRT,2008,20912.5314
5,Molluscs,Portugal,PRT,2009,12818.90895
5,Molluscs,Portugal,PRT,2010,18586.42433
5,Molluscs,Portugal,PRT,2011,14676.7
5,Molluscs,Portugal,PRT,2012,16540.8
5,Molluscs,Portugal,PRT,2013,19919.1
5,Molluscs,Portugal,PRT,2014,18510.3
5,Molluscs,Portugal,PRT,2015,15258.5
5,Molluscs,Portugal,PRT,2016,19292.1
5,Molluscs,Portugal,PRT,2017,17132.5
5,Molluscs,Spain,ESP,2008,49655
5,Molluscs,Spain,ESP,2009,56276.1
5,Molluscs,Spain,ESP,2010,49525.7
5,Molluscs,Spain,ESP,2011,42913.66
5,Molluscs,Spain,ESP,2012,61852.09
5,Molluscs,Spain,ESP,2013,64002.81
5,Molluscs,Spain,ESP,2014,66395.3
5,Molluscs,Spain,ESP,2015,52141.76
5,Molluscs,Spain,ESP,2016,38034.74
5,Molluscs,Spain,ESP,2017,43642.45
5,Molluscs,Sweden,SWE,2008,33.3665
5,Molluscs,Sweden,SWE,2009,25.4357
5,Molluscs,Sweden,SWE,2010,73.6118
5,Molluscs,Sweden,SWE,2011,103.2099
5,Molluscs,Sweden,SWE,2012,203.2464
5,Molluscs,Sweden,SWE,2013,157.9424
5,Molluscs,Sweden,SWE,2014,60.366
5,Molluscs,Sweden,SWE,2015,61.3733
5,Molluscs,Sweden,SWE,2016,14.2949
5,Molluscs,Sweden,SWE,2017,26.4158
5,Molluscs,Thailand,THA,2008,133390
5,Molluscs,Thailand,THA,2009,133012
5,Molluscs,Thailand,THA,2010,152993
5,Molluscs,Thailand,THA,2011,146636
5,Molluscs,Thailand,THA,2012,134158
5,Molluscs,Thailand,THA,2013,137096
5,Molluscs,Thailand,THA,2014,119236
5,Molluscs,Turkey,TUR,2008,52690
5,Molluscs,Turkey,TUR,2009,39635
5,Molluscs,Turkey,TUR,2010,41218
5,Molluscs,Turkey,TUR,2011,40567.8
5,Molluscs,Turkey,TUR,2012,75600.8
5,Molluscs,Turkey,TUR,2013,39819.3
5,Molluscs,Turkey,TUR,2014,30593.4
5,Molluscs,Turkey,TUR,2015,47957.6
5,Molluscs,Turkey,TUR,2016,33209.5
5,Molluscs,Turkey,TUR,2017,47747.5
5,Molluscs,United Kingdom,GBR,2008,74940.9159
5,Molluscs,United Kingdom,GBR,2009,63344.6199
5,Molluscs,United Kingdom,GBR,2010,80088.1342
5,Molluscs,United Kingdom,GBR,2011,92664.0845
5,Molluscs,United Kingdom,GBR,2012,100725.8606
5,Molluscs,United Kingdom,GBR,2013,91947.5449
5,Molluscs,United Kingdom,GBR,2014,81259.786
5,Molluscs,United Kingdom,GBR,2015,87742.596
5,Molluscs,United Kingdom,GBR,2016,79363.1072
5,Molluscs,United Kingdom,GBR,2017,73483.3534
5,Molluscs,United States,USA,2008,770586
5,Molluscs,United States,USA,2009,831418
5,Molluscs,United States,USA,2010,835802
5,Molluscs,United States,USA,2011,832689
5,Molluscs,United States,USA,2012,806762
5,Molluscs,United States,USA,2013,761216
5,Molluscs,United States,USA,2014,718681
5,Molluscs,United States,USA,2015,670276
5,Molluscs,United States,USA,2016,686938
5,Molluscs,United States,USA,2017,582596
6,Aquatic Mammals,Japan,JPN,2008,1154
6,Aquatic Mammals,Japan,JPN,2009,1404
6,Aquatic Mammals,Japan,JPN,2010,932
6,Aquatic Mammals,Japan,JPN,2011,562
6,Aquatic Mammals,Japan,JPN,2012,481
6,Aquatic Mammals,Japan,JPN,2013,620
6,Aquatic Mammals,Japan,JPN,2014,622
6,Aquatic Mammals,Japan,JPN,2015,582
6,Aquatic Mammals,Japan,JPN,2016,509
6,Aquatic Mammals,Japan,JPN,2017,600
6,Aquatic Mammals,Netherlands,NLD,2011,0.107
6,Aquatic Mammals,Norway,NOR,2008,698.026
6,Aquatic Mammals,Norway,NOR,2009,580.152
6,Aquatic Mammals,Norway,NOR,2010,633.46
6,Aquatic Mammals,Norway,NOR,2011,641.135
6,Aquatic Mammals,Norway,NOR,2012,677.529
6,Aquatic Mammals,Norway,NOR,2013,1133.5643
6,Aquatic Mammals,Norway,NOR,2014,1196.2931
6,Aquatic Mammals,Norway,NOR,2015,799.769
6,Aquatic Mammals,Norway,NOR,2016,819.136
6,Aquatic Mammals,Norway,NOR,2017,625.6075
6,Aquatic Mammals,Peru,PER,2014,0.564684811
6,Aquatic Mammals,Peru,PER,2016,0.05
7,Misc Aquatic Animals,Australia,AUS,2008,305.1
7,Misc Aquatic Animals,Australia,AUS,2009,226.234
7,Misc Aquatic Animals,Australia,AUS,2010,174.9
7,Misc Aquatic Animals,Australia,AUS,2011,117.445
7,Misc Aquatic Animals,Australia,AUS,2012,48.28
7,Misc Aquatic Animals,Australia,AUS,2013,20.2
7,Misc Aquatic Animals,Australia,AUS,2014,64.59
7,Misc Aquatic Animals,Australia,AUS,2015,44.35
7,Misc Aquatic Animals,Australia,AUS,2016,38.68
7,Misc Aquatic Animals,Australia,AUS,2017,133.81
7,Misc Aquatic Animals,Canada,CAN,2008,10520.04738
7,Misc Aquatic Animals,Canada,CAN,2009,11894.78549
7,Misc Aquatic Animals,Canada,CAN,2010,11963.56
7,Misc Aquatic Animals,Canada,CAN,2011,14000.37
7,Misc Aquatic Animals,Canada,CAN,2012,11520.525
7,Misc Aquatic Animals,Canada,CAN,2013,10387.832
7,Misc Aquatic Animals,Canada,CAN,2014,13361.68953
7,Misc Aquatic Animals,Canada,CAN,2015,14785.41882
7,Misc Aquatic Animals,Canada,CAN,2016,14358.47066
7,Misc Aquatic Animals,Chile,CHL,2008,40078
7,Misc Aquatic Animals,Chile,CHL,2009,39775
7,Misc Aquatic Animals,Chile,CHL,2010,33046
7,Misc Aquatic Animals,Chile,CHL,2011,33082
7,Misc Aquatic Animals,Chile,CHL,2012,30553
7,Misc Aquatic Animals,Chile,CHL,2013,31576
7,Misc Aquatic Animals,Chile,CHL,2014,34298
7,Misc Aquatic Animals,Chile,CHL,2015,31682
7,Misc Aquatic Animals,Chinese Taipei,TWN,2008,22.73
7,Misc Aquatic Animals,Chinese Taipei,TWN,2009,43.3425
7,Misc Aquatic Animals,Chinese Taipei,TWN,2010,24.46
7,Misc Aquatic Animals,Chinese Taipei,TWN,2011,24.4142
7,Misc Aquatic Animals,Chinese Taipei,TWN,2012,28.5213
7,Misc Aquatic Animals,Chinese Taipei,TWN,2013,8.967
7,Misc Aquatic Animals,Chinese Taipei,TWN,2014,15.29
7,Misc Aquatic Animals,Chinese Taipei,TWN,2015,2.041
7,Misc Aquatic Animals,Chinese Taipei,TWN,2016,25.1463
7,Misc Aquatic Animals,Chinese Taipei,TWN,2017,2.2569
7,Misc Aquatic Animals,Denmark,DNK,2008,0
7,Misc Aquatic Animals,Denmark,DNK,2009,0
7,Misc Aquatic Animals,Denmark,DNK,2010,0
7,Misc Aquatic Animals,Denmark,DNK,2011,0
7,Misc Aquatic Animals,Denmark,DNK,2012,36.8
7,Misc Aquatic Animals,Denmark,DNK,2013,1425.4
7,Misc Aquatic Animals,Denmark,DNK,2014,189.6
7,Misc Aquatic Animals,Denmark,DNK,2015,600.9
7,Misc Aquatic Animals,Denmark,DNK,2016,243
7,Misc Aquatic Animals,Denmark,DNK,2017,1698.3
7,Misc Aquatic Animals,France,FRA,2008,9.1
7,Misc Aquatic Animals,France,FRA,2009,6.7
7,Misc Aquatic Animals,France,FRA,2010,3
7,Misc Aquatic Animals,France,FRA,2011,99.5
7,Misc Aquatic Animals,France,FRA,2012,95.5
7,Misc Aquatic Animals,France,FRA,2013,126.7
7,Misc Aquatic Animals,France,FRA,2014,108.8
7,Misc Aquatic Animals,France,FRA,2015,78
7,Misc Aquatic Animals,France,FRA,2016,102.8
7,Misc Aquatic Animals,France,FRA,2017,131.3
7,Misc Aquatic Animals,Iceland,ISL,2012,1550
7,Misc Aquatic Animals,Iceland,ISL,2013,1553
7,Misc Aquatic Animals,Iceland,ISL,2014,1078
7,Misc Aquatic Animals,Iceland,ISL,2015,1687
7,Misc Aquatic Animals,Iceland,ISL,2016,3607
7,Misc Aquatic Animals,Iceland,ISL,2017,3572
7,Misc Aquatic Animals,Italy,ITA,2017,120.71351
7,Misc Aquatic Animals,Japan,JPN,2008,63895
7,Misc Aquatic Animals,Japan,JPN,2009,44404
7,Misc Aquatic Animals,Japan,JPN,2010,52302
7,Misc Aquatic Animals,Japan,JPN,2011,50782
7,Misc Aquatic Animals,Japan,JPN,2012,43132
7,Misc Aquatic Animals,Japan,JPN,2013,27447
7,Misc Aquatic Animals,Japan,JPN,2014,22596
7,Misc Aquatic Animals,Japan,JPN,2015,25269
7,Misc Aquatic Animals,Japan,JPN,2016,22039
7,Misc Aquatic Animals,Japan,JPN,2017,18000
7,Misc Aquatic Animals,Korea,KOR,2008,7836
7,Misc Aquatic Animals,Korea,KOR,2009,7091
7,Misc Aquatic Animals,Korea,KOR,2010,6939
7,Misc Aquatic Animals,Korea,KOR,2011,6731
7,Misc Aquatic Animals,Korea,KOR,2012,5825
7,Misc Aquatic Animals,Korea,KOR,2013,7013
7,Misc Aquatic Animals,Korea,KOR,2014,10890
7,Misc Aquatic Animals,Korea,KOR,2015,7305
7,Misc Aquatic Animals,Korea,KOR,2016,6340
7,Misc Aquatic Animals,Korea,KOR,2017,6096
7,Misc Aquatic Animals,Mexico,MEX,2008,2426.55307
7,Misc Aquatic Animals,Mexico,MEX,2009,3137.368
7,Misc Aquatic Animals,Mexico,MEX,2010,5983.93997
7,Misc Aquatic Animals,Mexico,MEX,2011,4974.23606
7,Misc Aquatic Animals,Mexico,MEX,2012,4770.92821
7,Misc Aquatic Animals,Mexico,MEX,2013,6848.73409
7,Misc Aquatic Animals,Mexico,MEX,2014,5093.712133
7,Misc Aquatic Animals,Mexico,MEX,2015,4954.31334
7,Misc Aquatic Animals,Mexico,MEX,2016,3882.964
7,Misc Aquatic Animals,Mexico,MEX,2017,5076.82
7,Misc Aquatic Animals,New Zealand,NZL,2008,780.7
7,Misc Aquatic Animals,New Zealand,NZL,2009,767.395
7,Misc Aquatic Animals,New Zealand,NZL,2010,724.107
7,Misc Aquatic Animals,New Zealand,NZL,2011,794.118
7,Misc Aquatic Animals,New Zealand,NZL,2012,931.1
7,Misc Aquatic Animals,New Zealand,NZL,2013,925.648
7,Misc Aquatic Animals,New Zealand,NZL,2014,968.655
7,Misc Aquatic Animals,New Zealand,NZL,2015,972.49
7,Misc Aquatic Animals,New Zealand,NZL,2016,959.922
7,Misc Aquatic Animals,New Zealand,NZL,2017,1043.189
7,Misc Aquatic Animals,Norway,NOR,2008,0.9315
7,Misc Aquatic Animals,Norway,NOR,2009,0.451
7,Misc Aquatic Animals,Norway,NOR,2010,0.07
7,Misc Aquatic Animals,Norway,NOR,2011,1.028
7,Misc Aquatic Animals,Norway,NOR,2012,0.3175
7,Misc Aquatic Animals,Norway,NOR,2015,2.355
7,Misc Aquatic Animals,Norway,NOR,2017,0.2012
7,Misc Aquatic Animals,Peru,PER,2008,2470.491906
7,Misc Aquatic Animals,Peru,PER,2009,2021.994817
7,Misc Aquatic Animals,Peru,PER,2010,2131.781611
7,Misc Aquatic Animals,Peru,PER,2011,4156.254511
7,Misc Aquatic Animals,Peru,PER,2012,2295.44682
7,Misc Aquatic Animals,Peru,PER,2013,1433.721035
7,Misc Aquatic Animals,Peru,PER,2014,7496.203905
7,Misc Aquatic Animals,Peru,PER,2015,1536.000696
7,Misc Aquatic Animals,Peru,PER,2016,1834.805274
7,Misc Aquatic Animals,Spain,ESP,2008,623
7,Misc Aquatic Animals,Spain,ESP,2009,445.7
7,Misc Aquatic Animals,Spain,ESP,2010,689.8
7,Misc Aquatic Animals,Spain,ESP,2011,742.5
7,Misc Aquatic Animals,Spain,ESP,2012,729.58
7,Misc Aquatic Animals,Spain,ESP,2013,584.69
7,Misc Aquatic Animals,Spain,ESP,2014,535
7,Misc Aquatic Animals,Spain,ESP,2015,709.28
7,Misc Aquatic Animals,Spain,ESP,2016,778.58
7,Misc Aquatic Animals,Spain,ESP,2017,967.89
7,Misc Aquatic Animals,Thailand,THA,2008,149985
7,Misc Aquatic Animals,Thailand,THA,2009,118242
7,Misc Aquatic Animals,Thailand,THA,2010,37327
7,Misc Aquatic Animals,Thailand,THA,2011,105491
7,Misc Aquatic Animals,Thailand,THA,2012,41712
7,Misc Aquatic Animals,Thailand,THA,2013,127695
7,Misc Aquatic Animals,Thailand,THA,2014,65195
7,Misc Aquatic Animals,United Kingdom,GBR,2009,0.14
7,Misc Aquatic Animals,United Kingdom,GBR,2011,0.046
7,Misc Aquatic Animals,United Kingdom,GBR,2012,1.226
7,Misc Aquatic Animals,United Kingdom,GBR,2013,0.08
7,Misc Aquatic Animals,United Kingdom,GBR,2014,0.0121
7,Misc Aquatic Animals,United Kingdom,GBR,2015,0.0657
7,Misc Aquatic Animals,United Kingdom,GBR,2016,7.3146
7,Misc Aquatic Animals,United Kingdom,GBR,2017,0.0086
7,Misc Aquatic Animals,United States,USA,2008,10031
7,Misc Aquatic Animals,United States,USA,2009,9376
7,Misc Aquatic Animals,United States,USA,2010,8230
7,Misc Aquatic Animals,United States,USA,2011,10743
7,Misc Aquatic Animals,United States,USA,2012,9582
7,Misc Aquatic Animals,United States,USA,2013,10226
7,Misc Aquatic Animals,United States,USA,2014,14731
7,Misc Aquatic Animals,United States,USA,2015,7336
7,Misc Aquatic Animals,United States,USA,2016,6369
7,Misc Aquatic Animals,United States,USA,2017,6605
